record_id,seller,raw_product_name,raw_description,canonical_name,species_group,category,treatment,expected_size_hint,best_alias,alias_variant,ambiguity_level,manual_review_recommended,normalization_note,source_type,source_url
LLX-0001,Lowes,spf 2x6x8 No. 2,Seller-style listing for spf 2x6x8 No. 2. Intended category: Dimensional framing lumber. Use normalized mapping with caution when ambiguity is high.,SPF,Spruce-Pine-Fir,Dimensional framing lumber,None,2x6x8,SPF,spf,High,Yes,SPF is a species group; whitewood is a seller/trade term and exact species can vary.,public terminology + synthetic seller-style alias,https://www.lowes.com/n/buying-guide/lumber-buying-guide; https://www.wwpa.org/resources/
LLX-0002,84 Lumber,SPF 4x4x8 Stud Grade,Seller-style listing for SPF 4x4x8 Stud Grade. Intended category: Dimensional framing lumber. Use normalized mapping with caution when ambiguity is high.,SPF,Spruce-Pine-Fir,Dimensional framing lumber,None,4x4x8,SPF,SPF,High,Yes,SPF is a species group; whitewood is a seller/trade term and exact species can vary.,public terminology + synthetic seller-style alias,https://www.lowes.com/n/buying-guide/lumber-buying-guide; https://www.wwpa.org/resources/
LLX-0003,84 Lumber,Spruce-Pine-Fir 1x6x8 Select,Seller-style listing for Spruce-Pine-Fir 1x6x8 Select. Intended category: Dimensional framing lumber. Use normalized mapping with caution when ambiguity is high.,SPF,Spruce-Pine-Fir,Dimensional framing lumber,None,1x6x8,Spruce Pine Fir,Spruce-Pine-Fir,High,Yes,SPF is a species group; whitewood is a seller/trade term and exact species can vary.,public terminology + synthetic seller-style alias,https://www.lowes.com/n/buying-guide/lumber-buying-guide; https://www.wwpa.org/resources/
LLX-0004,Builder Supply,SPRUCE PINE FIR 7/16x4x8 Common,Seller-style listing for SPRUCE PINE FIR 7/16x4x8 Common. Intended category: Dimensional framing lumber. Use normalized mapping with caution when ambiguity is high.,SPF,Spruce-Pine-Fir,Dimensional framing lumber,None,7/16x4x8,Spruce Pine Fir,SPRUCE PINE FIR,High,Yes,SPF is a species group; whitewood is a seller/trade term and exact species can vary.,public terminology + synthetic seller-style alias,https://www.lowes.com/n/buying-guide/lumber-buying-guide; https://www.wwpa.org/resources/
LLX-0005,Contractor Catalog,SPF 2x6x8 KD,Seller-style listing for SPF 2x6x8 KD. Intended category: Dimensional framing lumber. Use normalized mapping with caution when ambiguity is high.,SPF,Spruce-Pine-Fir,Dimensional framing lumber,None,2x6x8,Spruce Pine Fir,SPF,High,Yes,SPF is a species group; whitewood is a seller/trade term and exact species can vary.,public terminology + synthetic seller-style alias,https://www.lowes.com/n/buying-guide/lumber-buying-guide; https://www.wwpa.org/resources/
LLX-0006,Independent Lumberyard,Spruce Pine Fir 2x6x12 Common,Seller-style listing for Spruce Pine Fir 2x6x12 Common. Intended category: Dimensional framing lumber. Use normalized mapping with caution when ambiguity is high.,SPF,Spruce-Pine-Fir,Dimensional framing lumber,None,2x6x12,Spruce-Pine-Fir,Spruce Pine Fir,High,Yes,SPF is a species group; whitewood is a seller/trade term and exact species can vary.,public terminology + synthetic seller-style alias,https://www.lowes.com/n/buying-guide/lumber-buying-guide; https://www.wwpa.org/resources/
LLX-0007,ERP Legacy Import,SPRUCE-PINE-FIR 1x4x8 KD Lumber,Seller-style listing for SPRUCE-PINE-FIR 1x4x8 KD Lumber. Intended category: Dimensional framing lumber. Use normalized mapping with caution when ambiguity is high.,SPF,Spruce-Pine-Fir,Dimensional framing lumber,None,1x4x8,Spruce-Pine-Fir,SPRUCE-PINE-FIR,High,Yes,SPF is a species group; whitewood is a seller/trade term and exact species can vary.,public terminology + synthetic seller-style alias,https://www.lowes.com/n/buying-guide/lumber-buying-guide; https://www.wwpa.org/resources/
LLX-0008,Home Depot,Spruce-Pine-Fir 15/32x4x8 #2,Seller-style listing for Spruce-Pine-Fir 15/32x4x8 #2. Intended category: Dimensional framing lumber. Use normalized mapping with caution when ambiguity is high.,SPF,Spruce-Pine-Fir,Dimensional framing lumber,None,15/32x4x8,Spruce-Pine-Fir,Spruce-Pine-Fir,High,Yes,SPF is a species group; whitewood is a seller/trade term and exact species can vary.,public terminology + synthetic seller-style alias,https://www.lowes.com/n/buying-guide/lumber-buying-guide; https://www.wwpa.org/resources/
LLX-0009,Vendor Price Sheet,spruce/pine/fir 7/16x4x8 KD,Seller-style listing for spruce/pine/fir 7/16x4x8 KD. Intended category: Dimensional framing lumber. Use normalized mapping with caution when ambiguity is high.,SPF,Spruce-Pine-Fir,Dimensional framing lumber,None,7/16x4x8,Spruce/Pine/Fir,spruce/pine/fir,High,Yes,SPF is a species group; whitewood is a seller/trade term and exact species can vary.,public terminology + synthetic seller-style alias,https://www.lowes.com/n/buying-guide/lumber-buying-guide; https://www.wwpa.org/resources/
LLX-0010,Lowes,Spruce/Pine/Fir 2x6x8 #2,Seller-style listing for Spruce/Pine/Fir 2x6x8 #2. Intended category: Dimensional framing lumber. Use normalized mapping with caution when ambiguity is high.,SPF,Spruce-Pine-Fir,Dimensional framing lumber,None,2x6x8,Spruce/Pine/Fir,Spruce/Pine/Fir,High,Yes,SPF is a species group; whitewood is a seller/trade term and exact species can vary.,public terminology + synthetic seller-style alias,https://www.lowes.com/n/buying-guide/lumber-buying-guide; https://www.wwpa.org/resources/
LLX-0011,84 Lumber,SPRUCE/PINE/FIR 4 x 4 x 8 Select,Seller-style listing for SPRUCE/PINE/FIR 4 x 4 x 8 Select. Intended category: Dimensional framing lumber. Use normalized mapping with caution when ambiguity is high.,SPF,Spruce-Pine-Fir,Dimensional framing lumber,None,4x4x8,Spruce/Pine/Fir,SPRUCE/PINE/FIR,High,Yes,SPF is a species group; whitewood is a seller/trade term and exact species can vary.,public terminology + synthetic seller-style alias,https://www.lowes.com/n/buying-guide/lumber-buying-guide; https://www.wwpa.org/resources/
LLX-0012,Menards,SPF Stud 1x4x8 #2,Seller-style listing for SPF Stud 1x4x8 #2. Intended category: Dimensional framing lumber. Use normalized mapping with caution when ambiguity is high.,SPF,Spruce-Pine-Fir,Dimensional framing lumber,None,1x4x8,SPF Stud,SPF Stud,High,Yes,SPF is a species group; whitewood is a seller/trade term and exact species can vary.,public terminology + synthetic seller-style alias,https://www.lowes.com/n/buying-guide/lumber-buying-guide; https://www.wwpa.org/resources/
LLX-0013,Local Yard,SPF STUD 15/32x4x8 Select,Seller-style listing for SPF STUD 15/32x4x8 Select. Intended category: Dimensional framing lumber. Use normalized mapping with caution when ambiguity is high.,SPF,Spruce-Pine-Fir,Dimensional framing lumber,None,15/32x4x8,SPF Stud,SPF STUD,High,Yes,SPF is a species group; whitewood is a seller/trade term and exact species can vary.,public terminology + synthetic seller-style alias,https://www.lowes.com/n/buying-guide/lumber-buying-guide; https://www.wwpa.org/resources/
LLX-0014,Independent Lumberyard,SPFStud 2x4x10 Common Lumber,Seller-style listing for SPFStud 2x4x10 Common Lumber. Intended category: Dimensional framing lumber. Use normalized mapping with caution when ambiguity is high.,SPF,Spruce-Pine-Fir,Dimensional framing lumber,None,2x4x10,SPF Stud,SPFStud,High,Yes,SPF is a species group; whitewood is a seller/trade term and exact species can vary.,public terminology + synthetic seller-style alias,https://www.lowes.com/n/buying-guide/lumber-buying-guide; https://www.wwpa.org/resources/
LLX-0015,Builder Supply,SPF LUMBER 2x6x8 Select,Seller-style listing for SPF LUMBER 2x6x8 Select. Intended category: Dimensional framing lumber. Use normalized mapping with caution when ambiguity is high.,SPF,Spruce-Pine-Fir,Dimensional framing lumber,None,2x6x8,SPF Lumber,SPF LUMBER,High,Yes,SPF is a species group; whitewood is a seller/trade term and exact species can vary.,public terminology + synthetic seller-style alias,https://www.lowes.com/n/buying-guide/lumber-buying-guide; https://www.wwpa.org/resources/
LLX-0016,Contractor Catalog,spf lumber 4x4x8 Common,Seller-style listing for spf lumber 4x4x8 Common. Intended category: Dimensional framing lumber. Use normalized mapping with caution when ambiguity is high.,SPF,Spruce-Pine-Fir,Dimensional framing lumber,None,4x4x8,SPF Lumber,spf lumber,High,Yes,SPF is a species group; whitewood is a seller/trade term and exact species can vary.,public terminology + synthetic seller-style alias,https://www.lowes.com/n/buying-guide/lumber-buying-guide; https://www.wwpa.org/resources/
LLX-0017,Vendor Price Sheet,SPF-Lumber 3/4x4x8 KD,Seller-style listing for SPF-Lumber 3/4x4x8 KD. Intended category: Dimensional framing lumber. Use normalized mapping with caution when ambiguity is high.,SPF,Spruce-Pine-Fir,Dimensional framing lumber,None,3/4x4x8,SPF Lumber,SPF-Lumber,High,Yes,SPF is a species group; whitewood is a seller/trade term and exact species can vary.,public terminology + synthetic seller-style alias,https://www.lowes.com/n/buying-guide/lumber-buying-guide; https://www.wwpa.org/resources/
LLX-0018,ERP Legacy Import,SPF KD 15/32x4x8 Common,Seller-style listing for SPF KD 15/32x4x8 Common. Intended category: Dimensional framing lumber. Use normalized mapping with caution when ambiguity is high.,SPF,Spruce-Pine-Fir,Dimensional framing lumber,None,15/32x4x8,SPF KD,SPF KD,High,Yes,SPF is a species group; whitewood is a seller/trade term and exact species can vary.,public terminology + synthetic seller-style alias,https://www.lowes.com/n/buying-guide/lumber-buying-guide; https://www.wwpa.org/resources/
LLX-0019,Home Depot,SPF-KD 2x4x10 KD,Seller-style listing for SPF-KD 2x4x10 KD. Intended category: Dimensional framing lumber. Use normalized mapping with caution when ambiguity is high.,SPF,Spruce-Pine-Fir,Dimensional framing lumber,None,2x4x10,SPF KD,SPF-KD,High,Yes,SPF is a species group; whitewood is a seller/trade term and exact species can vary.,public terminology + synthetic seller-style alias,https://www.lowes.com/n/buying-guide/lumber-buying-guide; https://www.wwpa.org/resources/
LLX-0020,Menards,SPFKD 2x10x12 #2,Seller-style listing for SPFKD 2x10x12 #2. Intended category: Dimensional framing lumber. Use normalized mapping with caution when ambiguity is high.,SPF,Spruce-Pine-Fir,Dimensional framing lumber,None,2x10x12,SPF KD,SPFKD,High,Yes,SPF is a species group; whitewood is a seller/trade term and exact species can vary.,public terminology + synthetic seller-style alias,https://www.lowes.com/n/buying-guide/lumber-buying-guide; https://www.wwpa.org/resources/
LLX-0021,Lowes,SPF-S4S 4x4x8 KD Lumber,Seller-style listing for SPF-S4S 4x4x8 KD Lumber. Intended category: Dimensional framing lumber. Use normalized mapping with caution when ambiguity is high.,SPF,Spruce-Pine-Fir,Dimensional framing lumber,None,4x4x8,SPF S4S,SPF-S4S,High,Yes,SPF is a species group; whitewood is a seller/trade term and exact species can vary.,public terminology + synthetic seller-style alias,https://www.lowes.com/n/buying-guide/lumber-buying-guide; https://www.wwpa.org/resources/
LLX-0022,84 Lumber,spf s4s 3/4 x 4 x 8 #2,Seller-style listing for spf s4s 3/4 x 4 x 8 #2. Intended category: Dimensional framing lumber. Use normalized mapping with caution when ambiguity is high.,SPF,Spruce-Pine-Fir,Dimensional framing lumber,None,3/4x4x8,SPF S4S,spf s4s,High,Yes,SPF is a species group; whitewood is a seller/trade term and exact species can vary.,public terminology + synthetic seller-style alias,https://www.lowes.com/n/buying-guide/lumber-buying-guide; https://www.wwpa.org/resources/
LLX-0023,Builder Supply,SPF S4S 2x4x92-5/8 Select,Seller-style listing for SPF S4S 2x4x92-5/8 Select. Intended category: Dimensional framing lumber. Use normalized mapping with caution when ambiguity is high.,SPF,Spruce-Pine-Fir,Dimensional framing lumber,None,2x4x92-5/8,SPF S4S,SPF S4S,High,Yes,SPF is a species group; whitewood is a seller/trade term and exact species can vary.,public terminology + synthetic seller-style alias,https://www.lowes.com/n/buying-guide/lumber-buying-guide; https://www.wwpa.org/resources/
LLX-0024,Local Yard,WHITEWOOD 2x4x10 #2,Seller-style listing for WHITEWOOD 2x4x10 #2. Intended category: Dimensional framing lumber. Use normalized mapping with caution when ambiguity is high.,SPF,Spruce-Pine-Fir,Dimensional framing lumber,None,2x4x10,Whitewood,WHITEWOOD,High,Yes,SPF is a species group; whitewood is a seller/trade term and exact species can vary.,public terminology + synthetic seller-style alias,https://www.lowes.com/n/buying-guide/lumber-buying-guide; https://www.wwpa.org/resources/
LLX-0025,Independent Lumberyard,whitewood 2x10x12 Select,Seller-style listing for whitewood 2x10x12 Select. Intended category: Dimensional framing lumber. Use normalized mapping with caution when ambiguity is high.,SPF,Spruce-Pine-Fir,Dimensional framing lumber,None,2x10x12,Whitewood,whitewood,High,Yes,SPF is a species group; whitewood is a seller/trade term and exact species can vary.,public terminology + synthetic seller-style alias,https://www.lowes.com/n/buying-guide/lumber-buying-guide; https://www.wwpa.org/resources/
LLX-0026,ERP Legacy Import,Whitewood 5/4x6x12 Common,Seller-style listing for Whitewood 5/4x6x12 Common. Intended category: Dimensional framing lumber. Use normalized mapping with caution when ambiguity is high.,SPF,Spruce-Pine-Fir,Dimensional framing lumber,None,5/4x6x12,Whitewood,Whitewood,High,Yes,SPF is a species group; whitewood is a seller/trade term and exact species can vary.,public terminology + synthetic seller-style alias,https://www.lowes.com/n/buying-guide/lumber-buying-guide; https://www.wwpa.org/resources/
LLX-0027,Contractor Catalog,WhiteWood 3/4x4x8 Select,Seller-style listing for WhiteWood 3/4x4x8 Select. Intended category: Dimensional framing lumber. Use normalized mapping with caution when ambiguity is high.,SPF,Spruce-Pine-Fir,Dimensional framing lumber,None,3/4x4x8,White Wood,WhiteWood,High,Yes,SPF is a species group; whitewood is a seller/trade term and exact species can vary.,public terminology + synthetic seller-style alias,https://www.lowes.com/n/buying-guide/lumber-buying-guide; https://www.wwpa.org/resources/
LLX-0028,Vendor Price Sheet,white wood 2x4x92-5/8 Common Lumber,Seller-style listing for white wood 2x4x92-5/8 Common Lumber. Intended category: Dimensional framing lumber. Use normalized mapping with caution when ambiguity is high.,SPF,Spruce-Pine-Fir,Dimensional framing lumber,None,2x4x92-5/8,White Wood,white wood,High,Yes,SPF is a species group; whitewood is a seller/trade term and exact species can vary.,public terminology + synthetic seller-style alias,https://www.lowes.com/n/buying-guide/lumber-buying-guide; https://www.wwpa.org/resources/
LLX-0029,Lowes,White-Wood 2x8x10 KD,Seller-style listing for White-Wood 2x8x10 KD. Intended category: Dimensional framing lumber. Use normalized mapping with caution when ambiguity is high.,SPF,Spruce-Pine-Fir,Dimensional framing lumber,None,2x8x10,White Wood,White-Wood,High,Yes,SPF is a species group; whitewood is a seller/trade term and exact species can vary.,public terminology + synthetic seller-style alias,https://www.lowes.com/n/buying-guide/lumber-buying-guide; https://www.wwpa.org/resources/
LLX-0030,Home Depot,WHITEWOOD STUD 2x10x12 Common,Seller-style listing for WHITEWOOD STUD 2x10x12 Common. Intended category: Dimensional framing lumber. Use normalized mapping with caution when ambiguity is high.,SPF,Spruce-Pine-Fir,Dimensional framing lumber,None,2x10x12,Whitewood Stud,WHITEWOOD STUD,High,Yes,SPF is a species group; whitewood is a seller/trade term and exact species can vary.,public terminology + synthetic seller-style alias,https://www.lowes.com/n/buying-guide/lumber-buying-guide; https://www.wwpa.org/resources/
LLX-0031,Menards,whitewood stud 5/4x6x12 KD,Seller-style listing for whitewood stud 5/4x6x12 KD. Intended category: Dimensional framing lumber. Use normalized mapping with caution when ambiguity is high.,SPF,Spruce-Pine-Fir,Dimensional framing lumber,None,5/4x6x12,Whitewood Stud,whitewood stud,High,Yes,SPF is a species group; whitewood is a seller/trade term and exact species can vary.,public terminology + synthetic seller-style alias,https://www.lowes.com/n/buying-guide/lumber-buying-guide; https://www.wwpa.org/resources/
LLX-0032,Local Yard,White Wood Stud 2x4x8 #2,Seller-style listing for White Wood Stud 2x4x8 #2. Intended category: Dimensional framing lumber. Use normalized mapping with caution when ambiguity is high.,SPF,Spruce-Pine-Fir,Dimensional framing lumber,None,2x4x8,Whitewood Stud,White Wood Stud,High,Yes,SPF is a species group; whitewood is a seller/trade term and exact species can vary.,public terminology + synthetic seller-style alias,https://www.lowes.com/n/buying-guide/lumber-buying-guide; https://www.wwpa.org/resources/
LLX-0033,84 Lumber,Construction Whitewood 2 x 4 x 92-5/8 KD,Seller-style listing for Construction Whitewood 2 x 4 x 92-5/8 KD. Intended category: Dimensional framing lumber. Use normalized mapping with caution when ambiguity is high.,SPF,Spruce-Pine-Fir,Dimensional framing lumber,None,2x4x92-5/8,Construction Whitewood,Construction Whitewood,High,Yes,SPF is a species group; whitewood is a seller/trade term and exact species can vary.,public terminology + synthetic seller-style alias,https://www.lowes.com/n/buying-guide/lumber-buying-guide; https://www.wwpa.org/resources/
LLX-0034,Builder Supply,CONSTRUCTION WHITEWOOD 2x8x10 #2,Seller-style listing for CONSTRUCTION WHITEWOOD 2x8x10 #2. Intended category: Dimensional framing lumber. Use normalized mapping with caution when ambiguity is high.,SPF,Spruce-Pine-Fir,Dimensional framing lumber,None,2x8x10,Construction Whitewood,CONSTRUCTION WHITEWOOD,High,Yes,SPF is a species group; whitewood is a seller/trade term and exact species can vary.,public terminology + synthetic seller-style alias,https://www.lowes.com/n/buying-guide/lumber-buying-guide; https://www.wwpa.org/resources/
LLX-0035,Contractor Catalog,Construction-Whitewood 1x6x8 Select Lumber,Seller-style listing for Construction-Whitewood 1x6x8 Select Lumber. Intended category: Dimensional framing lumber. Use normalized mapping with caution when ambiguity is high.,SPF,Spruce-Pine-Fir,Dimensional framing lumber,None,1x6x8,Construction Whitewood,Construction-Whitewood,High,Yes,SPF is a species group; whitewood is a seller/trade term and exact species can vary.,public terminology + synthetic seller-style alias,https://www.lowes.com/n/buying-guide/lumber-buying-guide; https://www.wwpa.org/resources/
LLX-0036,Independent Lumberyard,WhitewoodFramingLumber 5/4x6x12 #2,Seller-style listing for WhitewoodFramingLumber 5/4x6x12 #2. Intended category: Dimensional framing lumber. Use normalized mapping with caution when ambiguity is high.,SPF,Spruce-Pine-Fir,Dimensional framing lumber,None,5/4x6x12,Whitewood Framing Lumber,WhitewoodFramingLumber,High,Yes,SPF is a species group; whitewood is a seller/trade term and exact species can vary.,public terminology + synthetic seller-style alias,https://www.lowes.com/n/buying-guide/lumber-buying-guide; https://www.wwpa.org/resources/
LLX-0037,ERP Legacy Import,Whitewood Framing Lumber 2x4x8 Select,Seller-style listing for Whitewood Framing Lumber 2x4x8 Select. Intended category: Dimensional framing lumber. Use normalized mapping with caution when ambiguity is high.,SPF,Spruce-Pine-Fir,Dimensional framing lumber,None,2x4x8,Whitewood Framing Lumber,Whitewood Framing Lumber,High,Yes,SPF is a species group; whitewood is a seller/trade term and exact species can vary.,public terminology + synthetic seller-style alias,https://www.lowes.com/n/buying-guide/lumber-buying-guide; https://www.wwpa.org/resources/
LLX-0038,Home Depot,whitewood framing lumber 2x6x12 Common,Seller-style listing for whitewood framing lumber 2x6x12 Common. Intended category: Dimensional framing lumber. Use normalized mapping with caution when ambiguity is high.,SPF,Spruce-Pine-Fir,Dimensional framing lumber,None,2x6x12,Whitewood Framing Lumber,whitewood framing lumber,High,Yes,SPF is a species group; whitewood is a seller/trade term and exact species can vary.,public terminology + synthetic seller-style alias,https://www.lowes.com/n/buying-guide/lumber-buying-guide; https://www.wwpa.org/resources/
LLX-0039,Vendor Price Sheet,Canadian-Whitewood 2x8x10 Select,Seller-style listing for Canadian-Whitewood 2x8x10 Select. Intended category: Dimensional framing lumber. Use normalized mapping with caution when ambiguity is high.,SPF,Spruce-Pine-Fir,Dimensional framing lumber,None,2x8x10,Canadian Whitewood,Canadian-Whitewood,High,Yes,SPF is a species group; whitewood is a seller/trade term and exact species can vary.,public terminology + synthetic seller-style alias,https://www.lowes.com/n/buying-guide/lumber-buying-guide; https://www.wwpa.org/resources/
LLX-0040,Lowes,Canadian Whitewood 1x6x8 Common,Seller-style listing for Canadian Whitewood 1x6x8 Common. Intended category: Dimensional framing lumber. Use normalized mapping with caution when ambiguity is high.,SPF,Spruce-Pine-Fir,Dimensional framing lumber,None,1x6x8,Canadian Whitewood,Canadian Whitewood,High,Yes,SPF is a species group; whitewood is a seller/trade term and exact species can vary.,public terminology + synthetic seller-style alias,https://www.lowes.com/n/buying-guide/lumber-buying-guide; https://www.wwpa.org/resources/
LLX-0041,84 Lumber,canadian whitewood 7/16x4x8 KD,Seller-style listing for canadian whitewood 7/16x4x8 KD. Intended category: Dimensional framing lumber. Use normalized mapping with caution when ambiguity is high.,SPF,Spruce-Pine-Fir,Dimensional framing lumber,None,7/16x4x8,Canadian Whitewood,canadian whitewood,High,Yes,SPF is a species group; whitewood is a seller/trade term and exact species can vary.,public terminology + synthetic seller-style alias,https://www.lowes.com/n/buying-guide/lumber-buying-guide; https://www.wwpa.org/resources/
LLX-0042,Menards,StudGradeWhitewood 2x4x8 Common Lumber,Seller-style listing for StudGradeWhitewood 2x4x8 Common Lumber. Intended category: Dimensional framing lumber. Use normalized mapping with caution when ambiguity is high.,SPF,Spruce-Pine-Fir,Dimensional framing lumber,None,2x4x8,Stud Grade Whitewood,StudGradeWhitewood,High,Yes,SPF is a species group; whitewood is a seller/trade term and exact species can vary.,public terminology + synthetic seller-style alias,https://www.lowes.com/n/buying-guide/lumber-buying-guide; https://www.wwpa.org/resources/
LLX-0043,Local Yard,STUD GRADE WHITEWOOD 2x6x12 KD,Seller-style listing for STUD GRADE WHITEWOOD 2x6x12 KD. Intended category: Dimensional framing lumber. Use normalized mapping with caution when ambiguity is high.,SPF,Spruce-Pine-Fir,Dimensional framing lumber,None,2x6x12,Stud Grade Whitewood,STUD GRADE WHITEWOOD,High,Yes,SPF is a species group; whitewood is a seller/trade term and exact species can vary.,public terminology + synthetic seller-style alias,https://www.lowes.com/n/buying-guide/lumber-buying-guide; https://www.wwpa.org/resources/
LLX-0044,Independent Lumberyard,Stud Grade Whitewood 1 x 4 x 8 #2,Seller-style listing for Stud Grade Whitewood 1 x 4 x 8 #2. Intended category: Dimensional framing lumber. Use normalized mapping with caution when ambiguity is high.,SPF,Spruce-Pine-Fir,Dimensional framing lumber,None,1x4x8,Stud Grade Whitewood,Stud Grade Whitewood,High,Yes,SPF is a species group; whitewood is a seller/trade term and exact species can vary.,public terminology + synthetic seller-style alias,https://www.lowes.com/n/buying-guide/lumber-buying-guide; https://www.wwpa.org/resources/
LLX-0045,Builder Supply,SPF-#2&BTR 1x6x8 KD,Seller-style listing for SPF-#2&BTR 1x6x8 KD. Intended category: Dimensional framing lumber. Use normalized mapping with caution when ambiguity is high.,SPF,Spruce-Pine-Fir,Dimensional framing lumber,None,1x6x8,SPF #2&BTR,SPF-#2&BTR,High,Yes,SPF is a species group; whitewood is a seller/trade term and exact species can vary.,public terminology + synthetic seller-style alias,https://www.lowes.com/n/buying-guide/lumber-buying-guide; https://www.wwpa.org/resources/
LLX-0046,Contractor Catalog,SPF#2&BTR 7/16x4x8 #2,Seller-style listing for SPF#2&BTR 7/16x4x8 #2. Intended category: Dimensional framing lumber. Use normalized mapping with caution when ambiguity is high.,SPF,Spruce-Pine-Fir,Dimensional framing lumber,None,7/16x4x8,SPF #2&BTR,SPF#2&BTR,High,Yes,SPF is a species group; whitewood is a seller/trade term and exact species can vary.,public terminology + synthetic seller-style alias,https://www.lowes.com/n/buying-guide/lumber-buying-guide; https://www.wwpa.org/resources/
LLX-0047,Vendor Price Sheet,SPF #2&BTR 2x6x8 Select,Seller-style listing for SPF #2&BTR 2x6x8 Select. Intended category: Dimensional framing lumber. Use normalized mapping with caution when ambiguity is high.,SPF,Spruce-Pine-Fir,Dimensional framing lumber,None,2x6x8,SPF #2&BTR,SPF #2&BTR,High,Yes,SPF is a species group; whitewood is a seller/trade term and exact species can vary.,public terminology + synthetic seller-style alias,https://www.lowes.com/n/buying-guide/lumber-buying-guide; https://www.wwpa.org/resources/
LLX-0048,ERP Legacy Import,SPF #2 Better 2x6x12 #2,Seller-style listing for SPF #2 Better 2x6x12 #2. Intended category: Dimensional framing lumber. Use normalized mapping with caution when ambiguity is high.,SPF,Spruce-Pine-Fir,Dimensional framing lumber,None,2x6x12,SPF #2 Better,SPF #2 Better,High,Yes,SPF is a species group; whitewood is a seller/trade term and exact species can vary.,public terminology + synthetic seller-style alias,https://www.lowes.com/n/buying-guide/lumber-buying-guide; https://www.wwpa.org/resources/
LLX-0049,Home Depot,SPF #2 BETTER 1x4x8 Select Lumber,Seller-style listing for SPF #2 BETTER 1x4x8 Select Lumber. Intended category: Dimensional framing lumber. Use normalized mapping with caution when ambiguity is high.,SPF,Spruce-Pine-Fir,Dimensional framing lumber,None,1x4x8,SPF #2 Better,SPF #2 BETTER,High,Yes,SPF is a species group; whitewood is a seller/trade term and exact species can vary.,public terminology + synthetic seller-style alias,https://www.lowes.com/n/buying-guide/lumber-buying-guide; https://www.wwpa.org/resources/
LLX-0050,Menards,SPF-#2-Better 15/32x4x8 Common,Seller-style listing for SPF-#2-Better 15/32x4x8 Common. Intended category: Dimensional framing lumber. Use normalized mapping with caution when ambiguity is high.,SPF,Spruce-Pine-Fir,Dimensional framing lumber,None,15/32x4x8,SPF #2 Better,SPF-#2-Better,High,Yes,SPF is a species group; whitewood is a seller/trade term and exact species can vary.,public terminology + synthetic seller-style alias,https://www.lowes.com/n/buying-guide/lumber-buying-guide; https://www.wwpa.org/resources/
LLX-0051,Lowes,SPF No 2 7/16x4x8 Select,Seller-style listing for SPF No 2 7/16x4x8 Select. Intended category: Dimensional framing lumber. Use normalized mapping with caution when ambiguity is high.,SPF,Spruce-Pine-Fir,Dimensional framing lumber,None,7/16x4x8,SPF No 2,SPF No 2,High,Yes,SPF is a species group; whitewood is a seller/trade term and exact species can vary.,public terminology + synthetic seller-style alias,https://www.lowes.com/n/buying-guide/lumber-buying-guide; https://www.wwpa.org/resources/
LLX-0052,84 Lumber,SPFNo2 2x6x8 Common,Seller-style listing for SPFNo2 2x6x8 Common. Intended category: Dimensional framing lumber. Use normalized mapping with caution when ambiguity is high.,SPF,Spruce-Pine-Fir,Dimensional framing lumber,None,2x6x8,SPF No 2,SPFNo2,High,Yes,SPF is a species group; whitewood is a seller/trade term and exact species can vary.,public terminology + synthetic seller-style alias,https://www.lowes.com/n/buying-guide/lumber-buying-guide; https://www.wwpa.org/resources/
LLX-0053,Builder Supply,spf no 2 4x4x8 KD,Seller-style listing for spf no 2 4x4x8 KD. Intended category: Dimensional framing lumber. Use normalized mapping with caution when ambiguity is high.,SPF,Spruce-Pine-Fir,Dimensional framing lumber,None,4x4x8,SPF No 2,spf no 2,High,Yes,SPF is a species group; whitewood is a seller/trade term and exact species can vary.,public terminology + synthetic seller-style alias,https://www.lowes.com/n/buying-guide/lumber-buying-guide; https://www.wwpa.org/resources/
LLX-0054,Local Yard,SPF Prime 1x4x8 Common,Seller-style listing for SPF Prime 1x4x8 Common. Intended category: Dimensional framing lumber. Use normalized mapping with caution when ambiguity is high.,SPF,Spruce-Pine-Fir,Dimensional framing lumber,None,1x4x8,SPF Prime,SPF Prime,High,Yes,SPF is a species group; whitewood is a seller/trade term and exact species can vary.,public terminology + synthetic seller-style alias,https://www.lowes.com/n/buying-guide/lumber-buying-guide; https://www.wwpa.org/resources/
LLX-0055,Independent Lumberyard,SPF PRIME 15/32 x 4 x 8 KD,Seller-style listing for SPF PRIME 15/32 x 4 x 8 KD. Intended category: Dimensional framing lumber. Use normalized mapping with caution when ambiguity is high.,SPF,Spruce-Pine-Fir,Dimensional framing lumber,None,15/32x4x8,SPF Prime,SPF PRIME,High,Yes,SPF is a species group; whitewood is a seller/trade term and exact species can vary.,public terminology + synthetic seller-style alias,https://www.lowes.com/n/buying-guide/lumber-buying-guide; https://www.wwpa.org/resources/
LLX-0056,ERP Legacy Import,SPFPrime 2x4x10 #2 Lumber,Seller-style listing for SPFPrime 2x4x10 #2 Lumber. Intended category: Dimensional framing lumber. Use normalized mapping with caution when ambiguity is high.,SPF,Spruce-Pine-Fir,Dimensional framing lumber,None,2x4x10,SPF Prime,SPFPrime,High,Yes,SPF is a species group; whitewood is a seller/trade term and exact species can vary.,public terminology + synthetic seller-style alias,https://www.lowes.com/n/buying-guide/lumber-buying-guide; https://www.wwpa.org/resources/
LLX-0057,Contractor Catalog,KD SPF 2x6x8 KD,Seller-style listing for KD SPF 2x6x8 KD. Intended category: Dimensional framing lumber. Use normalized mapping with caution when ambiguity is high.,SPF,Spruce-Pine-Fir,Dimensional framing lumber,None,2x6x8,KD SPF,KD SPF,High,Yes,SPF is a species group; whitewood is a seller/trade term and exact species can vary.,public terminology + synthetic seller-style alias,https://www.lowes.com/n/buying-guide/lumber-buying-guide; https://www.wwpa.org/resources/
LLX-0058,Vendor Price Sheet,kd spf 4x4x8 #2,Seller-style listing for kd spf 4x4x8 #2. Intended category: Dimensional framing lumber. Use normalized mapping with caution when ambiguity is high.,SPF,Spruce-Pine-Fir,Dimensional framing lumber,None,4x4x8,KD SPF,kd spf,High,Yes,SPF is a species group; whitewood is a seller/trade term and exact species can vary.,public terminology + synthetic seller-style alias,https://www.lowes.com/n/buying-guide/lumber-buying-guide; https://www.wwpa.org/resources/
LLX-0059,Lowes,KD-SPF 3/4x4x8 Select,Seller-style listing for KD-SPF 3/4x4x8 Select. Intended category: Dimensional framing lumber. Use normalized mapping with caution when ambiguity is high.,SPF,Spruce-Pine-Fir,Dimensional framing lumber,None,3/4x4x8,KD SPF,KD-SPF,High,Yes,SPF is a species group; whitewood is a seller/trade term and exact species can vary.,public terminology + synthetic seller-style alias,https://www.lowes.com/n/buying-guide/lumber-buying-guide; https://www.wwpa.org/resources/
LLX-0060,Home Depot,kiln dried spf 15/32x4x8 #2,Seller-style listing for kiln dried spf 15/32x4x8 #2. Intended category: Dimensional framing lumber. Use normalized mapping with caution when ambiguity is high.,SPF,Spruce-Pine-Fir,Dimensional framing lumber,None,15/32x4x8,Kiln Dried SPF,kiln dried spf,High,Yes,SPF is a species group; whitewood is a seller/trade term and exact species can vary.,public terminology + synthetic seller-style alias,https://www.lowes.com/n/buying-guide/lumber-buying-guide; https://www.wwpa.org/resources/
LLX-0061,Menards,KILN DRIED SPF 2x4x10 Select,Seller-style listing for KILN DRIED SPF 2x4x10 Select. Intended category: Dimensional framing lumber. Use normalized mapping with caution when ambiguity is high.,SPF,Spruce-Pine-Fir,Dimensional framing lumber,None,2x4x10,Kiln Dried SPF,KILN DRIED SPF,High,Yes,SPF is a species group; whitewood is a seller/trade term and exact species can vary.,public terminology + synthetic seller-style alias,https://www.lowes.com/n/buying-guide/lumber-buying-guide; https://www.wwpa.org/resources/
LLX-0062,Local Yard,KilnDriedSPF 2x10x12 Common,Seller-style listing for KilnDriedSPF 2x10x12 Common. Intended category: Dimensional framing lumber. Use normalized mapping with caution when ambiguity is high.,SPF,Spruce-Pine-Fir,Dimensional framing lumber,None,2x10x12,Kiln Dried SPF,KilnDriedSPF,High,Yes,SPF is a species group; whitewood is a seller/trade term and exact species can vary.,public terminology + synthetic seller-style alias,https://www.lowes.com/n/buying-guide/lumber-buying-guide; https://www.wwpa.org/resources/
LLX-0063,84 Lumber,SprucePineFirStud 4x4x8 Select Lumber,Seller-style listing for SprucePineFirStud 4x4x8 Select Lumber. Intended category: Dimensional framing lumber. Use normalized mapping with caution when ambiguity is high.,SPF,Spruce-Pine-Fir,Dimensional framing lumber,None,4x4x8,Spruce Pine Fir Stud,SprucePineFirStud,High,Yes,SPF is a species group; whitewood is a seller/trade term and exact species can vary.,public terminology + synthetic seller-style alias,https://www.lowes.com/n/buying-guide/lumber-buying-guide; https://www.wwpa.org/resources/
LLX-0064,Builder Supply,SPF Stud 3/4x4x8 Common,Seller-style listing for SPF Stud 3/4x4x8 Common. Intended category: Dimensional framing lumber. Use normalized mapping with caution when ambiguity is high.,SPF,Spruce-Pine-Fir,Dimensional framing lumber,None,3/4x4x8,Spruce Pine Fir Stud,SPF Stud,High,Yes,SPF is a species group; whitewood is a seller/trade term and exact species can vary.,public terminology + synthetic seller-style alias,https://www.lowes.com/n/buying-guide/lumber-buying-guide; https://www.wwpa.org/resources/
LLX-0065,Contractor Catalog,Spruce Pine Fir Stud 2x4x92-5/8 KD,Seller-style listing for Spruce Pine Fir Stud 2x4x92-5/8 KD. Intended category: Dimensional framing lumber. Use normalized mapping with caution when ambiguity is high.,SPF,Spruce-Pine-Fir,Dimensional framing lumber,None,2x4x92-5/8,Spruce Pine Fir Stud,Spruce Pine Fir Stud,High,Yes,SPF is a species group; whitewood is a seller/trade term and exact species can vary.,public terminology + synthetic seller-style alias,https://www.lowes.com/n/buying-guide/lumber-buying-guide; https://www.wwpa.org/resources/
LLX-0066,Independent Lumberyard,SPFDimensionalLumber 2 x 4 x 10 Common,Seller-style listing for SPFDimensionalLumber 2 x 4 x 10 Common. Intended category: Dimensional framing lumber. Use normalized mapping with caution when ambiguity is high.,SPF,Spruce-Pine-Fir,Dimensional framing lumber,None,2x4x10,SPF Dimensional Lumber,SPFDimensionalLumber,High,Yes,SPF is a species group; whitewood is a seller/trade term and exact species can vary.,public terminology + synthetic seller-style alias,https://www.lowes.com/n/buying-guide/lumber-buying-guide; https://www.wwpa.org/resources/
LLX-0067,ERP Legacy Import,SPF Dimensional Lumber 2x10x12 KD,Seller-style listing for SPF Dimensional Lumber 2x10x12 KD. Intended category: Dimensional framing lumber. Use normalized mapping with caution when ambiguity is high.,SPF,Spruce-Pine-Fir,Dimensional framing lumber,None,2x10x12,SPF Dimensional Lumber,SPF Dimensional Lumber,High,Yes,SPF is a species group; whitewood is a seller/trade term and exact species can vary.,public terminology + synthetic seller-style alias,https://www.lowes.com/n/buying-guide/lumber-buying-guide; https://www.wwpa.org/resources/
LLX-0068,Home Depot,SPF-Dimensional-Lumber 5/4x6x12 #2,Seller-style listing for SPF-Dimensional-Lumber 5/4x6x12 #2. Intended category: Dimensional framing lumber. Use normalized mapping with caution when ambiguity is high.,SPF,Spruce-Pine-Fir,Dimensional framing lumber,None,5/4x6x12,SPF Dimensional Lumber,SPF-Dimensional-Lumber,High,Yes,SPF is a species group; whitewood is a seller/trade term and exact species can vary.,public terminology + synthetic seller-style alias,https://www.lowes.com/n/buying-guide/lumber-buying-guide; https://www.wwpa.org/resources/
LLX-0069,Vendor Price Sheet,whitewood board 3/4x4x8 KD,Seller-style listing for whitewood board 3/4x4x8 KD. Intended category: Dimensional framing lumber. Use normalized mapping with caution when ambiguity is high.,SPF,Spruce-Pine-Fir,Dimensional framing lumber,None,3/4x4x8,Whitewood Board,whitewood board,High,Yes,SPF is a species group; whitewood is a seller/trade term and exact species can vary.,public terminology + synthetic seller-style alias,https://www.lowes.com/n/buying-guide/lumber-buying-guide; https://www.wwpa.org/resources/
LLX-0070,Lowes,White Wood Board 2x4x92-5/8 #2 Lumber,Seller-style listing for White Wood Board 2x4x92-5/8 #2 Lumber. Intended category: Dimensional framing lumber. Use normalized mapping with caution when ambiguity is high.,SPF,Spruce-Pine-Fir,Dimensional framing lumber,None,2x4x92-5/8,Whitewood Board,White Wood Board,High,Yes,SPF is a species group; whitewood is a seller/trade term and exact species can vary.,public terminology + synthetic seller-style alias,https://www.lowes.com/n/buying-guide/lumber-buying-guide; https://www.wwpa.org/resources/
LLX-0071,84 Lumber,Whitewood Board 2x8x10 Select,Seller-style listing for Whitewood Board 2x8x10 Select. Intended category: Dimensional framing lumber. Use normalized mapping with caution when ambiguity is high.,SPF,Spruce-Pine-Fir,Dimensional framing lumber,None,2x8x10,Whitewood Board,Whitewood Board,High,Yes,SPF is a species group; whitewood is a seller/trade term and exact species can vary.,public terminology + synthetic seller-style alias,https://www.lowes.com/n/buying-guide/lumber-buying-guide; https://www.wwpa.org/resources/
LLX-0072,Menards,Common-Whitewood-Board 2x10x12 #2,Seller-style listing for Common-Whitewood-Board 2x10x12 #2. Intended category: Dimensional framing lumber. Use normalized mapping with caution when ambiguity is high.,SPF,Spruce-Pine-Fir,Dimensional framing lumber,None,2x10x12,Common Whitewood Board,Common-Whitewood-Board,High,Yes,SPF is a species group; whitewood is a seller/trade term and exact species can vary.,public terminology + synthetic seller-style alias,https://www.lowes.com/n/buying-guide/lumber-buying-guide; https://www.wwpa.org/resources/
LLX-0073,Local Yard,Common Whitewood Board 5/4x6x12 Select,Seller-style listing for Common Whitewood Board 5/4x6x12 Select. Intended category: Dimensional framing lumber. Use normalized mapping with caution when ambiguity is high.,SPF,Spruce-Pine-Fir,Dimensional framing lumber,None,5/4x6x12,Common Whitewood Board,Common Whitewood Board,High,Yes,SPF is a species group; whitewood is a seller/trade term and exact species can vary.,public terminology + synthetic seller-style alias,https://www.lowes.com/n/buying-guide/lumber-buying-guide; https://www.wwpa.org/resources/
LLX-0074,Independent Lumberyard,common whitewood board 2x4x8 Common,Seller-style listing for common whitewood board 2x4x8 Common. Intended category: Dimensional framing lumber. Use normalized mapping with caution when ambiguity is high.,SPF,Spruce-Pine-Fir,Dimensional framing lumber,None,2x4x8,Common Whitewood Board,common whitewood board,High,Yes,SPF is a species group; whitewood is a seller/trade term and exact species can vary.,public terminology + synthetic seller-style alias,https://www.lowes.com/n/buying-guide/lumber-buying-guide; https://www.wwpa.org/resources/
LLX-0075,Builder Supply,DouglasFir-Larch 2x4x92-5/8 Select,Seller-style listing for DouglasFir-Larch 2x4x92-5/8 Select. Intended category: Structural lumber. Use normalized mapping with caution when ambiguity is medium.,Douglas Fir-Larch,Douglas Fir-Larch,Structural lumber,None,2x4x92-5/8,Douglas Fir-Larch,DouglasFir-Larch,Medium,No,Often abbreviated DF-L or sold as Douglas Fir/Doug Fir; may refer to a formal species combination.,public terminology + synthetic seller-style alias,https://www.wwpa.org/resources/
LLX-0076,Contractor Catalog,Douglas-Fir-Larch 2x8x10 Common,Seller-style listing for Douglas-Fir-Larch 2x8x10 Common. Intended category: Structural lumber. Use normalized mapping with caution when ambiguity is medium.,Douglas Fir-Larch,Douglas Fir-Larch,Structural lumber,None,2x8x10,Douglas Fir-Larch,Douglas-Fir-Larch,Medium,No,Often abbreviated DF-L or sold as Douglas Fir/Doug Fir; may refer to a formal species combination.,public terminology + synthetic seller-style alias,https://www.wwpa.org/resources/
LLX-0077,Vendor Price Sheet,Douglass Fir-Larch 1 x 6 x 8 KD Lumber,Seller-style listing for Douglass Fir-Larch 1 x 6 x 8 KD Lumber. Intended category: Structural lumber. Use normalized mapping with caution when ambiguity is medium.,Douglas Fir-Larch,Douglas Fir-Larch,Structural lumber,None,1x6x8,Douglas Fir-Larch,Douglass Fir-Larch,Medium,No,Often abbreviated DF-L or sold as Douglas Fir/Doug Fir; may refer to a formal species combination.,public terminology + synthetic seller-style alias,https://www.wwpa.org/resources/
LLX-0078,ERP Legacy Import,DOUGLAS FIR LARCH 5/4x6x12 Common,Seller-style listing for DOUGLAS FIR LARCH 5/4x6x12 Common. Intended category: Structural lumber. Use normalized mapping with caution when ambiguity is medium.,Douglas Fir-Larch,Douglas Fir-Larch,Structural lumber,None,5/4x6x12,Douglas Fir Larch,DOUGLAS FIR LARCH,Medium,No,Often abbreviated DF-L or sold as Douglas Fir/Doug Fir; may refer to a formal species combination.,public terminology + synthetic seller-style alias,https://www.wwpa.org/resources/
LLX-0079,Home Depot,Douglas Fir Larch 2x4x8 KD,Seller-style listing for Douglas Fir Larch 2x4x8 KD. Intended category: Structural lumber. Use normalized mapping with caution when ambiguity is medium.,Douglas Fir-Larch,Douglas Fir-Larch,Structural lumber,None,2x4x8,Douglas Fir Larch,Douglas Fir Larch,Medium,No,Often abbreviated DF-L or sold as Douglas Fir/Doug Fir; may refer to a formal species combination.,public terminology + synthetic seller-style alias,https://www.wwpa.org/resources/
LLX-0080,Menards,Douglas-Fir-Larch 2x6x12 #2,Seller-style listing for Douglas-Fir-Larch 2x6x12 #2. Intended category: Structural lumber. Use normalized mapping with caution when ambiguity is medium.,Douglas Fir-Larch,Douglas Fir-Larch,Structural lumber,None,2x6x12,Douglas Fir Larch,Douglas-Fir-Larch,Medium,No,Often abbreviated DF-L or sold as Douglas Fir/Doug Fir; may refer to a formal species combination.,public terminology + synthetic seller-style alias,https://www.wwpa.org/resources/
LLX-0081,Lowes,df-l 2x8x10 KD,Seller-style listing for df-l 2x8x10 KD. Intended category: Structural lumber. Use normalized mapping with caution when ambiguity is medium.,Douglas Fir-Larch,Douglas Fir-Larch,Structural lumber,None,2x8x10,DF-L,df-l,Medium,No,Often abbreviated DF-L or sold as Douglas Fir/Doug Fir; may refer to a formal species combination.,public terminology + synthetic seller-style alias,https://www.wwpa.org/resources/
LLX-0082,84 Lumber,DF L 1x6x8 #2,Seller-style listing for DF L 1x6x8 #2. Intended category: Structural lumber. Use normalized mapping with caution when ambiguity is medium.,Douglas Fir-Larch,Douglas Fir-Larch,Structural lumber,None,1x6x8,DF-L,DF L,Medium,No,Often abbreviated DF-L or sold as Douglas Fir/Doug Fir; may refer to a formal species combination.,public terminology + synthetic seller-style alias,https://www.wwpa.org/resources/
LLX-0083,Builder Supply,DF-L 7/16x4x8 Select,Seller-style listing for DF-L 7/16x4x8 Select. Intended category: Structural lumber. Use normalized mapping with caution when ambiguity is medium.,Douglas Fir-Larch,Douglas Fir-Larch,Structural lumber,None,7/16x4x8,DF-L,DF-L,Medium,No,Often abbreviated DF-L or sold as Douglas Fir/Doug Fir; may refer to a formal species combination.,public terminology + synthetic seller-style alias,https://www.wwpa.org/resources/
LLX-0084,Local Yard,DFL 2x4x8 #2 Lumber,Seller-style listing for DFL 2x4x8 #2 Lumber. Intended category: Structural lumber. Use normalized mapping with caution when ambiguity is medium.,Douglas Fir-Larch,Douglas Fir-Larch,Structural lumber,None,2x4x8,DFL,DFL,Medium,No,Often abbreviated DF-L or sold as Douglas Fir/Doug Fir; may refer to a formal species combination.,public terminology + synthetic seller-style alias,https://www.wwpa.org/resources/
LLX-0085,Independent Lumberyard,dfl 2x6x12 Select,Seller-style listing for dfl 2x6x12 Select. Intended category: Structural lumber. Use normalized mapping with caution when ambiguity is medium.,Douglas Fir-Larch,Douglas Fir-Larch,Structural lumber,None,2x6x12,DFL,dfl,Medium,No,Often abbreviated DF-L or sold as Douglas Fir/Doug Fir; may refer to a formal species combination.,public terminology + synthetic seller-style alias,https://www.wwpa.org/resources/
LLX-0086,Independent Lumberyard,douglas fir 2x10x12 #2&BTR,Seller-style listing for douglas fir 2x10x12 #2&BTR. Intended category: Structural lumber. Use normalized mapping with caution when ambiguity is medium.,Douglas Fir-Larch,Douglas Fir-Larch,Structural lumber,None,2x10x12,Douglas Fir,douglas fir,Medium,No,Often abbreviated DF-L or sold as Douglas Fir/Doug Fir; may refer to a formal species combination.,public terminology + synthetic seller-style alias,https://www.wwpa.org/resources/
LLX-0087,ERP Legacy Import,Douglas-Fir 5/4x6x12 Prime,Seller-style listing for Douglas-Fir 5/4x6x12 Prime. Intended category: Structural lumber. Use normalized mapping with caution when ambiguity is medium.,Douglas Fir-Larch,Douglas Fir-Larch,Structural lumber,None,5/4x6x12,Douglas Fir,Douglas-Fir,Medium,No,Often abbreviated DF-L or sold as Douglas Fir/Doug Fir; may refer to a formal species combination.,public terminology + synthetic seller-style alias,https://www.wwpa.org/resources/
LLX-0088,Home Depot,Douglas Fir 2 x 4 x 8 S4S,Seller-style listing for Douglas Fir 2 x 4 x 8 S4S. Intended category: Structural lumber. Use normalized mapping with caution when ambiguity is medium.,Douglas Fir-Larch,Douglas Fir-Larch,Structural lumber,None,2x4x8,Douglas Fir,Douglas Fir,Medium,No,Often abbreviated DF-L or sold as Douglas Fir/Doug Fir; may refer to a formal species combination.,public terminology + synthetic seller-style alias,https://www.wwpa.org/resources/
LLX-0089,Vendor Price Sheet,doug fir 2x4x92-5/8 Prime,Seller-style listing for doug fir 2x4x92-5/8 Prime. Intended category: Structural lumber. Use normalized mapping with caution when ambiguity is medium.,Douglas Fir-Larch,Douglas Fir-Larch,Structural lumber,None,2x4x92-5/8,Doug Fir,doug fir,Medium,No,Often abbreviated DF-L or sold as Douglas Fir/Doug Fir; may refer to a formal species combination.,public terminology + synthetic seller-style alias,https://www.wwpa.org/resources/
LLX-0090,Lowes,DOUG FIR 2x8x10 S4S,Seller-style listing for DOUG FIR 2x8x10 S4S. Intended category: Structural lumber. Use normalized mapping with caution when ambiguity is medium.,Douglas Fir-Larch,Douglas Fir-Larch,Structural lumber,None,2x8x10,Doug Fir,DOUG FIR,Medium,No,Often abbreviated DF-L or sold as Douglas Fir/Doug Fir; may refer to a formal species combination.,public terminology + synthetic seller-style alias,https://www.wwpa.org/resources/
LLX-0091,84 Lumber,DougFir 1x6x8 Sanded Lumber,Seller-style listing for DougFir 1x6x8 Sanded Lumber. Intended category: Structural lumber. Use normalized mapping with caution when ambiguity is medium.,Douglas Fir-Larch,Douglas Fir-Larch,Structural lumber,None,1x6x8,Doug Fir,DougFir,Medium,No,Often abbreviated DF-L or sold as Douglas Fir/Doug Fir; may refer to a formal species combination.,public terminology + synthetic seller-style alias,https://www.wwpa.org/resources/
LLX-0092,Menards,DOUG-FIR 5/4x6x12 S4S,Seller-style listing for DOUG-FIR 5/4x6x12 S4S. Intended category: Structural lumber. Use normalized mapping with caution when ambiguity is medium.,Douglas Fir-Larch,Douglas Fir-Larch,Structural lumber,None,5/4x6x12,Doug-Fir,DOUG-FIR,Medium,No,Often abbreviated DF-L or sold as Douglas Fir/Doug Fir; may refer to a formal species combination.,public terminology + synthetic seller-style alias,https://www.wwpa.org/resources/
LLX-0093,Local Yard,Doug Fir 2x4x8 Sanded,Seller-style listing for Doug Fir 2x4x8 Sanded. Intended category: Structural lumber. Use normalized mapping with caution when ambiguity is medium.,Douglas Fir-Larch,Douglas Fir-Larch,Structural lumber,None,2x4x8,Doug-Fir,Doug Fir,Medium,No,Often abbreviated DF-L or sold as Douglas Fir/Doug Fir; may refer to a formal species combination.,public terminology + synthetic seller-style alias,https://www.wwpa.org/resources/
LLX-0094,Independent Lumberyard,doug-fir 2x6x12 #2&BTR,Seller-style listing for doug-fir 2x6x12 #2&BTR. Intended category: Structural lumber. Use normalized mapping with caution when ambiguity is medium.,Douglas Fir-Larch,Douglas Fir-Larch,Structural lumber,None,2x6x12,Doug-Fir,doug-fir,Medium,No,Often abbreviated DF-L or sold as Douglas Fir/Doug Fir; may refer to a formal species combination.,public terminology + synthetic seller-style alias,https://www.wwpa.org/resources/
LLX-0095,Builder Supply,D FIR 2x8x10 Sanded,Seller-style listing for D FIR 2x8x10 Sanded. Intended category: Structural lumber. Use normalized mapping with caution when ambiguity is medium.,Douglas Fir-Larch,Douglas Fir-Larch,Structural lumber,None,2x8x10,D Fir,D FIR,Medium,No,Often abbreviated DF-L or sold as Douglas Fir/Doug Fir; may refer to a formal species combination.,public terminology + synthetic seller-style alias,https://www.wwpa.org/resources/
LLX-0096,Contractor Catalog,d fir 1x6x8 #2&BTR,Seller-style listing for d fir 1x6x8 #2&BTR. Intended category: Structural lumber. Use normalized mapping with caution when ambiguity is medium.,Douglas Fir-Larch,Douglas Fir-Larch,Structural lumber,None,1x6x8,D Fir,d fir,Medium,No,Often abbreviated DF-L or sold as Douglas Fir/Doug Fir; may refer to a formal species combination.,public terminology + synthetic seller-style alias,https://www.wwpa.org/resources/
LLX-0097,Vendor Price Sheet,D Fir 7/16x4x8 Prime,Seller-style listing for D Fir 7/16x4x8 Prime. Intended category: Structural lumber. Use normalized mapping with caution when ambiguity is medium.,Douglas Fir-Larch,Douglas Fir-Larch,Structural lumber,None,7/16x4x8,D Fir,D Fir,Medium,No,Often abbreviated DF-L or sold as Douglas Fir/Doug Fir; may refer to a formal species combination.,public terminology + synthetic seller-style alias,https://www.wwpa.org/resources/
LLX-0098,ERP Legacy Import,DF LUMBER 2x4x8 #2&BTR Lumber,Seller-style listing for DF LUMBER 2x4x8 #2&BTR Lumber. Intended category: Structural lumber. Use normalized mapping with caution when ambiguity is medium.,Douglas Fir-Larch,Douglas Fir-Larch,Structural lumber,None,2x4x8,DF Lumber,DF LUMBER,Medium,No,Often abbreviated DF-L or sold as Douglas Fir/Doug Fir; may refer to a formal species combination.,public terminology + synthetic seller-style alias,https://www.wwpa.org/resources/
LLX-0099,Home Depot,DFLumber 2 x 6 x 12 Prime,Seller-style listing for DFLumber 2 x 6 x 12 Prime. Intended category: Structural lumber. Use normalized mapping with caution when ambiguity is medium.,Douglas Fir-Larch,Douglas Fir-Larch,Structural lumber,None,2x6x12,DF Lumber,DFLumber,Medium,No,Often abbreviated DF-L or sold as Douglas Fir/Doug Fir; may refer to a formal species combination.,public terminology + synthetic seller-style alias,https://www.wwpa.org/resources/
LLX-0100,Menards,DF-Lumber 1x4x8 S4S,Seller-style listing for DF-Lumber 1x4x8 S4S. Intended category: Structural lumber. Use normalized mapping with caution when ambiguity is medium.,Douglas Fir-Larch,Douglas Fir-Larch,Structural lumber,None,1x4x8,DF Lumber,DF-Lumber,Medium,No,Often abbreviated DF-L or sold as Douglas Fir/Doug Fir; may refer to a formal species combination.,public terminology + synthetic seller-style alias,https://www.wwpa.org/resources/
LLX-0101,Lowes,OREGON PINE 1x6x8 Prime,Seller-style listing for OREGON PINE 1x6x8 Prime. Intended category: Structural lumber. Use normalized mapping with caution when ambiguity is medium.,Douglas Fir-Larch,Douglas Fir-Larch,Structural lumber,None,1x6x8,Oregon Pine,OREGON PINE,Medium,No,Often abbreviated DF-L or sold as Douglas Fir/Doug Fir; may refer to a formal species combination.,public terminology + synthetic seller-style alias,https://www.wwpa.org/resources/
LLX-0102,84 Lumber,Oregon Pine 7/16x4x8 S4S,Seller-style listing for Oregon Pine 7/16x4x8 S4S. Intended category: Structural lumber. Use normalized mapping with caution when ambiguity is medium.,Douglas Fir-Larch,Douglas Fir-Larch,Structural lumber,None,7/16x4x8,Oregon Pine,Oregon Pine,Medium,No,Often abbreviated DF-L or sold as Douglas Fir/Doug Fir; may refer to a formal species combination.,public terminology + synthetic seller-style alias,https://www.wwpa.org/resources/
LLX-0103,Builder Supply,OregonPine 2x6x8 Sanded,Seller-style listing for OregonPine 2x6x8 Sanded. Intended category: Structural lumber. Use normalized mapping with caution when ambiguity is medium.,Douglas Fir-Larch,Douglas Fir-Larch,Structural lumber,None,2x6x8,Oregon Pine,OregonPine,Medium,No,Often abbreviated DF-L or sold as Douglas Fir/Doug Fir; may refer to a formal species combination.,public terminology + synthetic seller-style alias,https://www.wwpa.org/resources/
LLX-0104,Local Yard,douglas-fir 2x6x12 S4S,Seller-style listing for douglas-fir 2x6x12 S4S. Intended category: Structural lumber. Use normalized mapping with caution when ambiguity is medium.,Douglas Fir-Larch,Douglas Fir-Larch,Structural lumber,None,2x6x12,Douglas-Fir,douglas-fir,Medium,No,Often abbreviated DF-L or sold as Douglas Fir/Doug Fir; may refer to a formal species combination.,public terminology + synthetic seller-style alias,https://www.wwpa.org/resources/
LLX-0105,Independent Lumberyard,Douglas-Fir 1x4x8 Sanded Lumber,Seller-style listing for Douglas-Fir 1x4x8 Sanded Lumber. Intended category: Structural lumber. Use normalized mapping with caution when ambiguity is medium.,Douglas Fir-Larch,Douglas Fir-Larch,Structural lumber,None,1x4x8,Douglas-Fir,Douglas-Fir,Medium,No,Often abbreviated DF-L or sold as Douglas Fir/Doug Fir; may refer to a formal species combination.,public terminology + synthetic seller-style alias,https://www.wwpa.org/resources/
LLX-0106,ERP Legacy Import,Douglas Fir 15/32x4x8 #2&BTR,Seller-style listing for Douglas Fir 15/32x4x8 #2&BTR. Intended category: Structural lumber. Use normalized mapping with caution when ambiguity is medium.,Douglas Fir-Larch,Douglas Fir-Larch,Structural lumber,None,15/32x4x8,Douglas-Fir,Douglas Fir,Medium,No,Often abbreviated DF-L or sold as Douglas Fir/Doug Fir; may refer to a formal species combination.,public terminology + synthetic seller-style alias,https://www.wwpa.org/resources/
LLX-0107,Contractor Catalog,doug fir larch 7/16x4x8 Sanded,Seller-style listing for doug fir larch 7/16x4x8 Sanded. Intended category: Structural lumber. Use normalized mapping with caution when ambiguity is medium.,Douglas Fir-Larch,Douglas Fir-Larch,Structural lumber,None,7/16x4x8,Doug Fir Larch,doug fir larch,Medium,No,Often abbreviated DF-L or sold as Douglas Fir/Doug Fir; may refer to a formal species combination.,public terminology + synthetic seller-style alias,https://www.wwpa.org/resources/
LLX-0108,Vendor Price Sheet,DOUG FIR LARCH 2x6x8 #2&BTR,Seller-style listing for DOUG FIR LARCH 2x6x8 #2&BTR. Intended category: Structural lumber. Use normalized mapping with caution when ambiguity is medium.,Douglas Fir-Larch,Douglas Fir-Larch,Structural lumber,None,2x6x8,Doug Fir Larch,DOUG FIR LARCH,Medium,No,Often abbreviated DF-L or sold as Douglas Fir/Doug Fir; may refer to a formal species combination.,public terminology + synthetic seller-style alias,https://www.wwpa.org/resources/
LLX-0109,Lowes,Doug-Fir-Larch 4x4x8 Prime,Seller-style listing for Doug-Fir-Larch 4x4x8 Prime. Intended category: Structural lumber. Use normalized mapping with caution when ambiguity is medium.,Douglas Fir-Larch,Douglas Fir-Larch,Structural lumber,None,4x4x8,Doug Fir Larch,Doug-Fir-Larch,Medium,No,Often abbreviated DF-L or sold as Douglas Fir/Doug Fir; may refer to a formal species combination.,public terminology + synthetic seller-style alias,https://www.wwpa.org/resources/
LLX-0110,Home Depot,Douglas-Fir-KD 1 x 4 x 8 #2&BTR,Seller-style listing for Douglas-Fir-KD 1 x 4 x 8 #2&BTR. Intended category: Structural lumber. Use normalized mapping with caution when ambiguity is medium.,Douglas Fir-Larch,Douglas Fir-Larch,Structural lumber,None,1x4x8,Douglas Fir KD,Douglas-Fir-KD,Medium,No,Often abbreviated DF-L or sold as Douglas Fir/Doug Fir; may refer to a formal species combination.,public terminology + synthetic seller-style alias,https://www.wwpa.org/resources/
LLX-0111,Menards,DouglasFirKD 15/32x4x8 Prime,Seller-style listing for DouglasFirKD 15/32x4x8 Prime. Intended category: Structural lumber. Use normalized mapping with caution when ambiguity is medium.,Douglas Fir-Larch,Douglas Fir-Larch,Structural lumber,None,15/32x4x8,Douglas Fir KD,DouglasFirKD,Medium,No,Often abbreviated DF-L or sold as Douglas Fir/Doug Fir; may refer to a formal species combination.,public terminology + synthetic seller-style alias,https://www.wwpa.org/resources/
LLX-0112,Local Yard,DOUGLAS FIR KD 2x4x10 S4S Lumber,Seller-style listing for DOUGLAS FIR KD 2x4x10 S4S Lumber. Intended category: Structural lumber. Use normalized mapping with caution when ambiguity is medium.,Douglas Fir-Larch,Douglas Fir-Larch,Structural lumber,None,2x4x10,Douglas Fir KD,DOUGLAS FIR KD,Medium,No,Often abbreviated DF-L or sold as Douglas Fir/Doug Fir; may refer to a formal species combination.,public terminology + synthetic seller-style alias,https://www.wwpa.org/resources/
LLX-0113,84 Lumber,DOUGLAS FIR S4S 2x6x8 Prime,Seller-style listing for DOUGLAS FIR S4S 2x6x8 Prime. Intended category: Structural lumber. Use normalized mapping with caution when ambiguity is medium.,Douglas Fir-Larch,Douglas Fir-Larch,Structural lumber,None,2x6x8,Douglas Fir S4S,DOUGLAS FIR S4S,Medium,No,Often abbreviated DF-L or sold as Douglas Fir/Doug Fir; may refer to a formal species combination.,public terminology + synthetic seller-style alias,https://www.wwpa.org/resources/
LLX-0114,Builder Supply,Douglass Fir S4S 4x4x8 S4S,Seller-style listing for Douglass Fir S4S 4x4x8 S4S. Intended category: Structural lumber. Use normalized mapping with caution when ambiguity is medium.,Douglas Fir-Larch,Douglas Fir-Larch,Structural lumber,None,4x4x8,Douglas Fir S4S,Douglass Fir S4S,Medium,No,Often abbreviated DF-L or sold as Douglas Fir/Doug Fir; may refer to a formal species combination.,public terminology + synthetic seller-style alias,https://www.wwpa.org/resources/
LLX-0115,Contractor Catalog,Douglas Fir S4S 3/4x4x8 Sanded,Seller-style listing for Douglas Fir S4S 3/4x4x8 Sanded. Intended category: Structural lumber. Use normalized mapping with caution when ambiguity is medium.,Douglas Fir-Larch,Douglas Fir-Larch,Structural lumber,None,3/4x4x8,Douglas Fir S4S,Douglas Fir S4S,Medium,No,Often abbreviated DF-L or sold as Douglas Fir/Doug Fir; may refer to a formal species combination.,public terminology + synthetic seller-style alias,https://www.wwpa.org/resources/
LLX-0116,Independent Lumberyard,doug fir stud 15/32x4x8 S4S,Seller-style listing for doug fir stud 15/32x4x8 S4S. Intended category: Structural lumber. Use normalized mapping with caution when ambiguity is medium.,Douglas Fir-Larch,Douglas Fir-Larch,Structural lumber,None,15/32x4x8,Doug Fir Stud,doug fir stud,Medium,No,Often abbreviated DF-L or sold as Douglas Fir/Doug Fir; may refer to a formal species combination.,public terminology + synthetic seller-style alias,https://www.wwpa.org/resources/
LLX-0117,ERP Legacy Import,Doug Fir Stud 2x4x10 Sanded,Seller-style listing for Doug Fir Stud 2x4x10 Sanded. Intended category: Structural lumber. Use normalized mapping with caution when ambiguity is medium.,Douglas Fir-Larch,Douglas Fir-Larch,Structural lumber,None,2x4x10,Doug Fir Stud,Doug Fir Stud,Medium,No,Often abbreviated DF-L or sold as Douglas Fir/Doug Fir; may refer to a formal species combination.,public terminology + synthetic seller-style alias,https://www.wwpa.org/resources/
LLX-0118,Home Depot,Doug-Fir-Stud 2x10x12 #2&BTR,Seller-style listing for Doug-Fir-Stud 2x10x12 #2&BTR. Intended category: Structural lumber. Use normalized mapping with caution when ambiguity is medium.,Douglas Fir-Larch,Douglas Fir-Larch,Structural lumber,None,2x10x12,Doug Fir Stud,Doug-Fir-Stud,Medium,No,Often abbreviated DF-L or sold as Douglas Fir/Doug Fir; may refer to a formal species combination.,public terminology + synthetic seller-style alias,https://www.wwpa.org/resources/
LLX-0119,Vendor Price Sheet,doug fir framing 4x4x8 Sanded Lumber,Seller-style listing for doug fir framing 4x4x8 Sanded Lumber. Intended category: Structural lumber. Use normalized mapping with caution when ambiguity is medium.,Douglas Fir-Larch,Douglas Fir-Larch,Structural lumber,None,4x4x8,Doug Fir Framing,doug fir framing,Medium,No,Often abbreviated DF-L or sold as Douglas Fir/Doug Fir; may refer to a formal species combination.,public terminology + synthetic seller-style alias,https://www.wwpa.org/resources/
LLX-0120,Lowes,Doug-Fir-Framing 3/4x4x8 #2&BTR,Seller-style listing for Doug-Fir-Framing 3/4x4x8 #2&BTR. Intended category: Structural lumber. Use normalized mapping with caution when ambiguity is medium.,Douglas Fir-Larch,Douglas Fir-Larch,Structural lumber,None,3/4x4x8,Doug Fir Framing,Doug-Fir-Framing,Medium,No,Often abbreviated DF-L or sold as Douglas Fir/Doug Fir; may refer to a formal species combination.,public terminology + synthetic seller-style alias,https://www.wwpa.org/resources/
LLX-0121,84 Lumber,Doug Fir Framing 2 x 4 x 92-5/8 Prime,Seller-style listing for Doug Fir Framing 2 x 4 x 92-5/8 Prime. Intended category: Structural lumber. Use normalized mapping with caution when ambiguity is medium.,Douglas Fir-Larch,Douglas Fir-Larch,Structural lumber,None,2x4x92-5/8,Doug Fir Framing,Doug Fir Framing,Medium,No,Often abbreviated DF-L or sold as Douglas Fir/Doug Fir; may refer to a formal species combination.,public terminology + synthetic seller-style alias,https://www.wwpa.org/resources/
LLX-0122,Menards,DF#2 2x4x10 #2&BTR,Seller-style listing for DF#2 2x4x10 #2&BTR. Intended category: Structural lumber. Use normalized mapping with caution when ambiguity is medium.,Douglas Fir-Larch,Douglas Fir-Larch,Structural lumber,None,2x4x10,DF #2,DF#2,Medium,No,Often abbreviated DF-L or sold as Douglas Fir/Doug Fir; may refer to a formal species combination.,public terminology + synthetic seller-style alias,https://www.wwpa.org/resources/
LLX-0123,Local Yard,df #2 2x10x12 Prime,Seller-style listing for df #2 2x10x12 Prime. Intended category: Structural lumber. Use normalized mapping with caution when ambiguity is medium.,Douglas Fir-Larch,Douglas Fir-Larch,Structural lumber,None,2x10x12,DF #2,df #2,Medium,No,Often abbreviated DF-L or sold as Douglas Fir/Doug Fir; may refer to a formal species combination.,public terminology + synthetic seller-style alias,https://www.wwpa.org/resources/
LLX-0124,Independent Lumberyard,DF #2 5/4x6x12 S4S,Seller-style listing for DF #2 5/4x6x12 S4S. Intended category: Structural lumber. Use normalized mapping with caution when ambiguity is medium.,Douglas Fir-Larch,Douglas Fir-Larch,Structural lumber,None,5/4x6x12,DF #2,DF #2,Medium,No,Often abbreviated DF-L or sold as Douglas Fir/Doug Fir; may refer to a formal species combination.,public terminology + synthetic seller-style alias,https://www.wwpa.org/resources/
LLX-0125,Builder Supply,DF No 2 3/4x4x8 Prime,Seller-style listing for DF No 2 3/4x4x8 Prime. Intended category: Structural lumber. Use normalized mapping with caution when ambiguity is medium.,Douglas Fir-Larch,Douglas Fir-Larch,Structural lumber,None,3/4x4x8,DF No 2,DF No 2,Medium,No,Often abbreviated DF-L or sold as Douglas Fir/Doug Fir; may refer to a formal species combination.,public terminology + synthetic seller-style alias,https://www.wwpa.org/resources/
LLX-0126,Contractor Catalog,DFNo2 2x4x92-5/8 S4S Lumber,Seller-style listing for DFNo2 2x4x92-5/8 S4S Lumber. Intended category: Structural lumber. Use normalized mapping with caution when ambiguity is medium.,Douglas Fir-Larch,Douglas Fir-Larch,Structural lumber,None,2x4x92-5/8,DF No 2,DFNo2,Medium,No,Often abbreviated DF-L or sold as Douglas Fir/Doug Fir; may refer to a formal species combination.,public terminology + synthetic seller-style alias,https://www.wwpa.org/resources/
LLX-0127,Vendor Price Sheet,df no 2 2x8x10 Sanded,Seller-style listing for df no 2 2x8x10 Sanded. Intended category: Structural lumber. Use normalized mapping with caution when ambiguity is medium.,Douglas Fir-Larch,Douglas Fir-Larch,Structural lumber,None,2x8x10,DF No 2,df no 2,Medium,No,Often abbreviated DF-L or sold as Douglas Fir/Doug Fir; may refer to a formal species combination.,public terminology + synthetic seller-style alias,https://www.wwpa.org/resources/
LLX-0128,ERP Legacy Import,DFL-#2&BTR 2x10x12 S4S,Seller-style listing for DFL-#2&BTR 2x10x12 S4S. Intended category: Structural lumber. Use normalized mapping with caution when ambiguity is medium.,Douglas Fir-Larch,Douglas Fir-Larch,Structural lumber,None,2x10x12,DFL #2&BTR,DFL-#2&BTR,Medium,No,Often abbreviated DF-L or sold as Douglas Fir/Doug Fir; may refer to a formal species combination.,public terminology + synthetic seller-style alias,https://www.wwpa.org/resources/
LLX-0129,Home Depot,dfl #2&btr 5/4x6x12 Sanded,Seller-style listing for dfl #2&btr 5/4x6x12 Sanded. Intended category: Structural lumber. Use normalized mapping with caution when ambiguity is medium.,Douglas Fir-Larch,Douglas Fir-Larch,Structural lumber,None,5/4x6x12,DFL #2&BTR,dfl #2&btr,Medium,No,Often abbreviated DF-L or sold as Douglas Fir/Doug Fir; may refer to a formal species combination.,public terminology + synthetic seller-style alias,https://www.wwpa.org/resources/
LLX-0130,Menards,DFL#2&BTR 2x4x8 #2&BTR,Seller-style listing for DFL#2&BTR 2x4x8 #2&BTR. Intended category: Structural lumber. Use normalized mapping with caution when ambiguity is medium.,Douglas Fir-Larch,Douglas Fir-Larch,Structural lumber,None,2x4x8,DFL #2&BTR,DFL#2&BTR,Medium,No,Often abbreviated DF-L or sold as Douglas Fir/Doug Fir; may refer to a formal species combination.,public terminology + synthetic seller-style alias,https://www.wwpa.org/resources/
LLX-0131,Lowes,Southern Yellow Pine 2x4x92-5/8 Sanded,Seller-style listing for Southern Yellow Pine 2x4x92-5/8 Sanded. Intended category: Structural lumber. Use normalized mapping with caution when ambiguity is medium.,Southern Yellow Pine,Southern Pine,Structural lumber,None,2x4x92-5/8,Southern Yellow Pine,Southern Yellow Pine,Medium,No,Southern Pine includes multiple pine species; SYP and yellow pine are common commercial terms.,public terminology + synthetic seller-style alias,https://www.spib.org/glossary; https://www.spib.org/wood-services/lumber-grading-rules
LLX-0132,84 Lumber,SouthernYellowPine 2 x 8 x 10 #2&BTR,Seller-style listing for SouthernYellowPine 2 x 8 x 10 #2&BTR. Intended category: Structural lumber. Use normalized mapping with caution when ambiguity is medium.,Southern Yellow Pine,Southern Pine,Structural lumber,None,2x8x10,Southern Yellow Pine,SouthernYellowPine,Medium,No,Southern Pine includes multiple pine species; SYP and yellow pine are common commercial terms.,public terminology + synthetic seller-style alias,https://www.spib.org/glossary; https://www.spib.org/wood-services/lumber-grading-rules
LLX-0133,Builder Supply,SYP 1x6x8 Prime Lumber,Seller-style listing for SYP 1x6x8 Prime Lumber. Intended category: Structural lumber. Use normalized mapping with caution when ambiguity is medium.,Southern Yellow Pine,Southern Pine,Structural lumber,None,1x6x8,Southern Yellow Pine,SYP,Medium,No,Southern Pine includes multiple pine species; SYP and yellow pine are common commercial terms.,public terminology + synthetic seller-style alias,https://www.spib.org/glossary; https://www.spib.org/wood-services/lumber-grading-rules
LLX-0134,Local Yard,SYP 5/4x6x12 #2&BTR,Seller-style listing for SYP 5/4x6x12 #2&BTR. Intended category: Structural lumber. Use normalized mapping with caution when ambiguity is medium.,Southern Yellow Pine,Southern Pine,Structural lumber,None,5/4x6x12,SYP,SYP,Medium,No,Southern Pine includes multiple pine species; SYP and yellow pine are common commercial terms.,public terminology + synthetic seller-style alias,https://www.spib.org/glossary; https://www.spib.org/wood-services/lumber-grading-rules
LLX-0135,Independent Lumberyard,syp 2x4x8 Prime,Seller-style listing for syp 2x4x8 Prime. Intended category: Structural lumber. Use normalized mapping with caution when ambiguity is medium.,Southern Yellow Pine,Southern Pine,Structural lumber,None,2x4x8,SYP,syp,Medium,No,Southern Pine includes multiple pine species; SYP and yellow pine are common commercial terms.,public terminology + synthetic seller-style alias,https://www.spib.org/glossary; https://www.spib.org/wood-services/lumber-grading-rules
LLX-0136,Independent Lumberyard,YellowPine 2x4x10 Stud Grade,Seller-style listing for YellowPine 2x4x10 Stud Grade. Intended category: Structural lumber. Use normalized mapping with caution when ambiguity is medium.,Southern Yellow Pine,Southern Pine,Structural lumber,None,2x4x10,Yellow Pine,YellowPine,Medium,No,Southern Pine includes multiple pine species; SYP and yellow pine are common commercial terms.,public terminology + synthetic seller-style alias,https://www.spib.org/glossary; https://www.spib.org/wood-services/lumber-grading-rules
LLX-0137,ERP Legacy Import,Yellow Pine 2x10x12 Appearance,Seller-style listing for Yellow Pine 2x10x12 Appearance. Intended category: Structural lumber. Use normalized mapping with caution when ambiguity is medium.,Southern Yellow Pine,Southern Pine,Structural lumber,None,2x10x12,Yellow Pine,Yellow Pine,Medium,No,Southern Pine includes multiple pine species; SYP and yellow pine are common commercial terms.,public terminology + synthetic seller-style alias,https://www.spib.org/glossary; https://www.spib.org/wood-services/lumber-grading-rules
LLX-0138,Home Depot,Yellow-Pine 5/4x6x12 Kiln Dried,Seller-style listing for Yellow-Pine 5/4x6x12 Kiln Dried. Intended category: Structural lumber. Use normalized mapping with caution when ambiguity is medium.,Southern Yellow Pine,Southern Pine,Structural lumber,None,5/4x6x12,Yellow Pine,Yellow-Pine,Medium,No,Southern Pine includes multiple pine species; SYP and yellow pine are common commercial terms.,public terminology + synthetic seller-style alias,https://www.spib.org/glossary; https://www.spib.org/wood-services/lumber-grading-rules
LLX-0139,Vendor Price Sheet,Southern-Pine 3/4x4x8 Appearance,Seller-style listing for Southern-Pine 3/4x4x8 Appearance. Intended category: Structural lumber. Use normalized mapping with caution when ambiguity is medium.,Southern Yellow Pine,Southern Pine,Structural lumber,None,3/4x4x8,Southern Pine,Southern-Pine,Medium,No,Southern Pine includes multiple pine species; SYP and yellow pine are common commercial terms.,public terminology + synthetic seller-style alias,https://www.spib.org/glossary; https://www.spib.org/wood-services/lumber-grading-rules
LLX-0140,Lowes,SouthernPine 2x4x92-5/8 Kiln Dried Lumber,Seller-style listing for SouthernPine 2x4x92-5/8 Kiln Dried Lumber. Intended category: Structural lumber. Use normalized mapping with caution when ambiguity is medium.,Southern Yellow Pine,Southern Pine,Structural lumber,None,2x4x92-5/8,Southern Pine,SouthernPine,Medium,No,Southern Pine includes multiple pine species; SYP and yellow pine are common commercial terms.,public terminology + synthetic seller-style alias,https://www.spib.org/glossary; https://www.spib.org/wood-services/lumber-grading-rules
LLX-0141,84 Lumber,SOUTHERN PINE 2x8x10 No. 2,Seller-style listing for SOUTHERN PINE 2x8x10 No. 2. Intended category: Structural lumber. Use normalized mapping with caution when ambiguity is medium.,Southern Yellow Pine,Southern Pine,Structural lumber,None,2x8x10,Southern Pine,SOUTHERN PINE,Medium,No,Southern Pine includes multiple pine species; SYP and yellow pine are common commercial terms.,public terminology + synthetic seller-style alias,https://www.spib.org/glossary; https://www.spib.org/wood-services/lumber-grading-rules
LLX-0142,Menards,Southern YP 2x10x12 Kiln Dried,Seller-style listing for Southern YP 2x10x12 Kiln Dried. Intended category: Structural lumber. Use normalized mapping with caution when ambiguity is medium.,Southern Yellow Pine,Southern Pine,Structural lumber,None,2x10x12,Southern YP,Southern YP,Medium,No,Southern Pine includes multiple pine species; SYP and yellow pine are common commercial terms.,public terminology + synthetic seller-style alias,https://www.spib.org/glossary; https://www.spib.org/wood-services/lumber-grading-rules
LLX-0143,Local Yard,southern yp 5/4 x 6 x 12 No. 2,Seller-style listing for southern yp 5/4 x 6 x 12 No. 2. Intended category: Structural lumber. Use normalized mapping with caution when ambiguity is medium.,Southern Yellow Pine,Southern Pine,Structural lumber,None,5/4x6x12,Southern YP,southern yp,Medium,No,Southern Pine includes multiple pine species; SYP and yellow pine are common commercial terms.,public terminology + synthetic seller-style alias,https://www.spib.org/glossary; https://www.spib.org/wood-services/lumber-grading-rules
LLX-0144,Independent Lumberyard,SouthernYP 2x4x8 Stud Grade,Seller-style listing for SouthernYP 2x4x8 Stud Grade. Intended category: Structural lumber. Use normalized mapping with caution when ambiguity is medium.,Southern Yellow Pine,Southern Pine,Structural lumber,None,2x4x8,Southern YP,SouthernYP,Medium,No,Southern Pine includes multiple pine species; SYP and yellow pine are common commercial terms.,public terminology + synthetic seller-style alias,https://www.spib.org/glossary; https://www.spib.org/wood-services/lumber-grading-rules
LLX-0145,Builder Supply,S. Yellow Pine 2x4x92-5/8 No. 2,Seller-style listing for S. Yellow Pine 2x4x92-5/8 No. 2. Intended category: Structural lumber. Use normalized mapping with caution when ambiguity is medium.,Southern Yellow Pine,Southern Pine,Structural lumber,None,2x4x92-5/8,S. Yellow Pine,S. Yellow Pine,Medium,No,Southern Pine includes multiple pine species; SYP and yellow pine are common commercial terms.,public terminology + synthetic seller-style alias,https://www.spib.org/glossary; https://www.spib.org/wood-services/lumber-grading-rules
LLX-0146,Contractor Catalog,s. yellow pine 2x8x10 Stud Grade,Seller-style listing for s. yellow pine 2x8x10 Stud Grade. Intended category: Structural lumber. Use normalized mapping with caution when ambiguity is medium.,Southern Yellow Pine,Southern Pine,Structural lumber,None,2x8x10,S. Yellow Pine,s. yellow pine,Medium,No,Southern Pine includes multiple pine species; SYP and yellow pine are common commercial terms.,public terminology + synthetic seller-style alias,https://www.spib.org/glossary; https://www.spib.org/wood-services/lumber-grading-rules
LLX-0147,Vendor Price Sheet,S. YELLOW PINE 1x6x8 Appearance Lumber,Seller-style listing for S. YELLOW PINE 1x6x8 Appearance Lumber. Intended category: Structural lumber. Use normalized mapping with caution when ambiguity is medium.,Southern Yellow Pine,Southern Pine,Structural lumber,None,1x6x8,S. Yellow Pine,S. YELLOW PINE,Medium,No,Southern Pine includes multiple pine species; SYP and yellow pine are common commercial terms.,public terminology + synthetic seller-style alias,https://www.spib.org/glossary; https://www.spib.org/wood-services/lumber-grading-rules
LLX-0148,ERP Legacy Import,sy pine 5/4x6x12 Stud Grade,Seller-style listing for sy pine 5/4x6x12 Stud Grade. Intended category: Structural lumber. Use normalized mapping with caution when ambiguity is medium.,Southern Yellow Pine,Southern Pine,Structural lumber,None,5/4x6x12,SY Pine,sy pine,Medium,No,Southern Pine includes multiple pine species; SYP and yellow pine are common commercial terms.,public terminology + synthetic seller-style alias,https://www.spib.org/glossary; https://www.spib.org/wood-services/lumber-grading-rules
LLX-0149,Home Depot,SY-Pine 2x4x8 Appearance,Seller-style listing for SY-Pine 2x4x8 Appearance. Intended category: Structural lumber. Use normalized mapping with caution when ambiguity is medium.,Southern Yellow Pine,Southern Pine,Structural lumber,None,2x4x8,SY Pine,SY-Pine,Medium,No,Southern Pine includes multiple pine species; SYP and yellow pine are common commercial terms.,public terminology + synthetic seller-style alias,https://www.spib.org/glossary; https://www.spib.org/wood-services/lumber-grading-rules
LLX-0150,Menards,SY PINE 2x6x12 Kiln Dried,Seller-style listing for SY PINE 2x6x12 Kiln Dried. Intended category: Structural lumber. Use normalized mapping with caution when ambiguity is medium.,Southern Yellow Pine,Southern Pine,Structural lumber,None,2x6x12,SY Pine,SY PINE,Medium,No,Southern Pine includes multiple pine species; SYP and yellow pine are common commercial terms.,public terminology + synthetic seller-style alias,https://www.spib.org/glossary; https://www.spib.org/wood-services/lumber-grading-rules
LLX-0151,Lowes,SYPLumber 2x8x10 Appearance,Seller-style listing for SYPLumber 2x8x10 Appearance. Intended category: Structural lumber. Use normalized mapping with caution when ambiguity is medium.,Southern Yellow Pine,Southern Pine,Structural lumber,None,2x8x10,SYP Lumber,SYPLumber,Medium,No,Southern Pine includes multiple pine species; SYP and yellow pine are common commercial terms.,public terminology + synthetic seller-style alias,https://www.spib.org/glossary; https://www.spib.org/wood-services/lumber-grading-rules
LLX-0152,84 Lumber,syp lumber 1x6x8 Kiln Dried,Seller-style listing for syp lumber 1x6x8 Kiln Dried. Intended category: Structural lumber. Use normalized mapping with caution when ambiguity is medium.,Southern Yellow Pine,Southern Pine,Structural lumber,None,1x6x8,SYP Lumber,syp lumber,Medium,No,Southern Pine includes multiple pine species; SYP and yellow pine are common commercial terms.,public terminology + synthetic seller-style alias,https://www.spib.org/glossary; https://www.spib.org/wood-services/lumber-grading-rules
LLX-0153,Builder Supply,SYP LUMBER 7/16x4x8 No. 2,Seller-style listing for SYP LUMBER 7/16x4x8 No. 2. Intended category: Structural lumber. Use normalized mapping with caution when ambiguity is medium.,Southern Yellow Pine,Southern Pine,Structural lumber,None,7/16x4x8,SYP Lumber,SYP LUMBER,Medium,No,Southern Pine includes multiple pine species; SYP and yellow pine are common commercial terms.,public terminology + synthetic seller-style alias,https://www.spib.org/glossary; https://www.spib.org/wood-services/lumber-grading-rules
LLX-0154,Local Yard,SYP #2 2 x 4 x 8 Kiln Dried Lumber,Seller-style listing for SYP #2 2 x 4 x 8 Kiln Dried Lumber. Intended category: Structural lumber. Use normalized mapping with caution when ambiguity is medium.,Southern Yellow Pine,Southern Pine,Structural lumber,None,2x4x8,SYP #2,SYP #2,Medium,No,Southern Pine includes multiple pine species; SYP and yellow pine are common commercial terms.,public terminology + synthetic seller-style alias,https://www.spib.org/glossary; https://www.spib.org/wood-services/lumber-grading-rules
LLX-0155,Independent Lumberyard,SYP#2 2x6x12 No. 2,Seller-style listing for SYP#2 2x6x12 No. 2. Intended category: Structural lumber. Use normalized mapping with caution when ambiguity is medium.,Southern Yellow Pine,Southern Pine,Structural lumber,None,2x6x12,SYP #2,SYP#2,Medium,No,Southern Pine includes multiple pine species; SYP and yellow pine are common commercial terms.,public terminology + synthetic seller-style alias,https://www.spib.org/glossary; https://www.spib.org/wood-services/lumber-grading-rules
LLX-0156,ERP Legacy Import,syp #2 1x4x8 Stud Grade,Seller-style listing for syp #2 1x4x8 Stud Grade. Intended category: Structural lumber. Use normalized mapping with caution when ambiguity is medium.,Southern Yellow Pine,Southern Pine,Structural lumber,None,1x4x8,SYP #2,syp #2,Medium,No,Southern Pine includes multiple pine species; SYP and yellow pine are common commercial terms.,public terminology + synthetic seller-style alias,https://www.spib.org/glossary; https://www.spib.org/wood-services/lumber-grading-rules
LLX-0157,Contractor Catalog,syp no 2 1x6x8 No. 2,Seller-style listing for syp no 2 1x6x8 No. 2. Intended category: Structural lumber. Use normalized mapping with caution when ambiguity is medium.,Southern Yellow Pine,Southern Pine,Structural lumber,None,1x6x8,SYP No 2,syp no 2,Medium,No,Southern Pine includes multiple pine species; SYP and yellow pine are common commercial terms.,public terminology + synthetic seller-style alias,https://www.spib.org/glossary; https://www.spib.org/wood-services/lumber-grading-rules
LLX-0158,Vendor Price Sheet,SYP No 2 7/16x4x8 Stud Grade,Seller-style listing for SYP No 2 7/16x4x8 Stud Grade. Intended category: Structural lumber. Use normalized mapping with caution when ambiguity is medium.,Southern Yellow Pine,Southern Pine,Structural lumber,None,7/16x4x8,SYP No 2,SYP No 2,Medium,No,Southern Pine includes multiple pine species; SYP and yellow pine are common commercial terms.,public terminology + synthetic seller-style alias,https://www.spib.org/glossary; https://www.spib.org/wood-services/lumber-grading-rules
LLX-0159,Lowes,SYP-No-2 2x6x8 Appearance,Seller-style listing for SYP-No-2 2x6x8 Appearance. Intended category: Structural lumber. Use normalized mapping with caution when ambiguity is medium.,Southern Yellow Pine,Southern Pine,Structural lumber,None,2x6x8,SYP No 2,SYP-No-2,Medium,No,Southern Pine includes multiple pine species; SYP and yellow pine are common commercial terms.,public terminology + synthetic seller-style alias,https://www.spib.org/glossary; https://www.spib.org/wood-services/lumber-grading-rules
LLX-0160,Home Depot,syp kd 2x6x12 Stud Grade,Seller-style listing for syp kd 2x6x12 Stud Grade. Intended category: Structural lumber. Use normalized mapping with caution when ambiguity is medium.,Southern Yellow Pine,Southern Pine,Structural lumber,None,2x6x12,SYP KD,syp kd,Medium,No,Southern Pine includes multiple pine species; SYP and yellow pine are common commercial terms.,public terminology + synthetic seller-style alias,https://www.spib.org/glossary; https://www.spib.org/wood-services/lumber-grading-rules
LLX-0161,Menards,SYP KD 1x4x8 Appearance Lumber,Seller-style listing for SYP KD 1x4x8 Appearance Lumber. Intended category: Structural lumber. Use normalized mapping with caution when ambiguity is medium.,Southern Yellow Pine,Southern Pine,Structural lumber,None,1x4x8,SYP KD,SYP KD,Medium,No,Southern Pine includes multiple pine species; SYP and yellow pine are common commercial terms.,public terminology + synthetic seller-style alias,https://www.spib.org/glossary; https://www.spib.org/wood-services/lumber-grading-rules
LLX-0162,Local Yard,SYP-KD 15/32x4x8 Kiln Dried,Seller-style listing for SYP-KD 15/32x4x8 Kiln Dried. Intended category: Structural lumber. Use normalized mapping with caution when ambiguity is medium.,Southern Yellow Pine,Southern Pine,Structural lumber,None,15/32x4x8,SYP KD,SYP-KD,Medium,No,Southern Pine includes multiple pine species; SYP and yellow pine are common commercial terms.,public terminology + synthetic seller-style alias,https://www.spib.org/glossary; https://www.spib.org/wood-services/lumber-grading-rules
LLX-0163,84 Lumber,Southern-Pine-Lumber 7/16x4x8 Appearance,Seller-style listing for Southern-Pine-Lumber 7/16x4x8 Appearance. Intended category: Structural lumber. Use normalized mapping with caution when ambiguity is medium.,Southern Yellow Pine,Southern Pine,Structural lumber,None,7/16x4x8,Southern Pine Lumber,Southern-Pine-Lumber,Medium,No,Southern Pine includes multiple pine species; SYP and yellow pine are common commercial terms.,public terminology + synthetic seller-style alias,https://www.spib.org/glossary; https://www.spib.org/wood-services/lumber-grading-rules
LLX-0164,Builder Supply,SouthernPineLumber 2x6x8 Kiln Dried,Seller-style listing for SouthernPineLumber 2x6x8 Kiln Dried. Intended category: Structural lumber. Use normalized mapping with caution when ambiguity is medium.,Southern Yellow Pine,Southern Pine,Structural lumber,None,2x6x8,Southern Pine Lumber,SouthernPineLumber,Medium,No,Southern Pine includes multiple pine species; SYP and yellow pine are common commercial terms.,public terminology + synthetic seller-style alias,https://www.spib.org/glossary; https://www.spib.org/wood-services/lumber-grading-rules
LLX-0165,Contractor Catalog,southern pine lumber 4 x 4 x 8 No. 2,Seller-style listing for southern pine lumber 4 x 4 x 8 No. 2. Intended category: Structural lumber. Use normalized mapping with caution when ambiguity is medium.,Southern Yellow Pine,Southern Pine,Structural lumber,None,4x4x8,Southern Pine Lumber,southern pine lumber,Medium,No,Southern Pine includes multiple pine species; SYP and yellow pine are common commercial terms.,public terminology + synthetic seller-style alias,https://www.spib.org/glossary; https://www.spib.org/wood-services/lumber-grading-rules
LLX-0166,Independent Lumberyard,Yellow Pine Board 1x4x8 Kiln Dried,Seller-style listing for Yellow Pine Board 1x4x8 Kiln Dried. Intended category: Structural lumber. Use normalized mapping with caution when ambiguity is medium.,Southern Yellow Pine,Southern Pine,Structural lumber,None,1x4x8,Yellow Pine Board,Yellow Pine Board,Medium,No,Southern Pine includes multiple pine species; SYP and yellow pine are common commercial terms.,public terminology + synthetic seller-style alias,https://www.spib.org/glossary; https://www.spib.org/wood-services/lumber-grading-rules
LLX-0167,ERP Legacy Import,yellow pine board 15/32x4x8 No. 2,Seller-style listing for yellow pine board 15/32x4x8 No. 2. Intended category: Structural lumber. Use normalized mapping with caution when ambiguity is medium.,Southern Yellow Pine,Southern Pine,Structural lumber,None,15/32x4x8,Yellow Pine Board,yellow pine board,Medium,No,Southern Pine includes multiple pine species; SYP and yellow pine are common commercial terms.,public terminology + synthetic seller-style alias,https://www.spib.org/glossary; https://www.spib.org/wood-services/lumber-grading-rules
LLX-0168,Home Depot,YELLOW PINE BOARD 2x4x10 Stud Grade Lumber,Seller-style listing for YELLOW PINE BOARD 2x4x10 Stud Grade Lumber. Intended category: Structural lumber. Use normalized mapping with caution when ambiguity is medium.,Southern Yellow Pine,Southern Pine,Structural lumber,None,2x4x10,Yellow Pine Board,YELLOW PINE BOARD,Medium,No,Southern Pine includes multiple pine species; SYP and yellow pine are common commercial terms.,public terminology + synthetic seller-style alias,https://www.spib.org/glossary; https://www.spib.org/wood-services/lumber-grading-rules
LLX-0169,Vendor Price Sheet,SYP FRAMING 2x6x8 No. 2,Seller-style listing for SYP FRAMING 2x6x8 No. 2. Intended category: Structural lumber. Use normalized mapping with caution when ambiguity is medium.,Southern Yellow Pine,Southern Pine,Structural lumber,None,2x6x8,SYP Framing,SYP FRAMING,Medium,No,Southern Pine includes multiple pine species; SYP and yellow pine are common commercial terms.,public terminology + synthetic seller-style alias,https://www.spib.org/glossary; https://www.spib.org/wood-services/lumber-grading-rules
LLX-0170,Lowes,SYP Framing 4x4x8 Stud Grade,Seller-style listing for SYP Framing 4x4x8 Stud Grade. Intended category: Structural lumber. Use normalized mapping with caution when ambiguity is medium.,Southern Yellow Pine,Southern Pine,Structural lumber,None,4x4x8,SYP Framing,SYP Framing,Medium,No,Southern Pine includes multiple pine species; SYP and yellow pine are common commercial terms.,public terminology + synthetic seller-style alias,https://www.spib.org/glossary; https://www.spib.org/wood-services/lumber-grading-rules
LLX-0171,84 Lumber,SYP-Framing 3/4x4x8 Appearance,Seller-style listing for SYP-Framing 3/4x4x8 Appearance. Intended category: Structural lumber. Use normalized mapping with caution when ambiguity is medium.,Southern Yellow Pine,Southern Pine,Structural lumber,None,3/4x4x8,SYP Framing,SYP-Framing,Medium,No,Southern Pine includes multiple pine species; SYP and yellow pine are common commercial terms.,public terminology + synthetic seller-style alias,https://www.spib.org/glossary; https://www.spib.org/wood-services/lumber-grading-rules
LLX-0172,Menards,SYP-Stud 15/32x4x8 Stud Grade,Seller-style listing for SYP-Stud 15/32x4x8 Stud Grade. Intended category: Structural lumber. Use normalized mapping with caution when ambiguity is medium.,Southern Yellow Pine,Southern Pine,Structural lumber,None,15/32x4x8,SYP Stud,SYP-Stud,Medium,No,Southern Pine includes multiple pine species; SYP and yellow pine are common commercial terms.,public terminology + synthetic seller-style alias,https://www.spib.org/glossary; https://www.spib.org/wood-services/lumber-grading-rules
LLX-0173,Local Yard,SYP STUD 2x4x10 Appearance,Seller-style listing for SYP STUD 2x4x10 Appearance. Intended category: Structural lumber. Use normalized mapping with caution when ambiguity is medium.,Southern Yellow Pine,Southern Pine,Structural lumber,None,2x4x10,SYP Stud,SYP STUD,Medium,No,Southern Pine includes multiple pine species; SYP and yellow pine are common commercial terms.,public terminology + synthetic seller-style alias,https://www.spib.org/glossary; https://www.spib.org/wood-services/lumber-grading-rules
LLX-0174,Independent Lumberyard,SYPStud 2x10x12 Kiln Dried,Seller-style listing for SYPStud 2x10x12 Kiln Dried. Intended category: Structural lumber. Use normalized mapping with caution when ambiguity is medium.,Southern Yellow Pine,Southern Pine,Structural lumber,None,2x10x12,SYP Stud,SYPStud,Medium,No,Southern Pine includes multiple pine species; SYP and yellow pine are common commercial terms.,public terminology + synthetic seller-style alias,https://www.spib.org/glossary; https://www.spib.org/wood-services/lumber-grading-rules
LLX-0175,Builder Supply,SYP Dimensional Lumber 4x4x8 Appearance Lumber,Seller-style listing for SYP Dimensional Lumber 4x4x8 Appearance Lumber. Intended category: Structural lumber. Use normalized mapping with caution when ambiguity is medium.,Southern Yellow Pine,Southern Pine,Structural lumber,None,4x4x8,SYP Dimensional Lumber,SYP Dimensional Lumber,Medium,No,Southern Pine includes multiple pine species; SYP and yellow pine are common commercial terms.,public terminology + synthetic seller-style alias,https://www.spib.org/glossary; https://www.spib.org/wood-services/lumber-grading-rules
LLX-0176,Contractor Catalog,SYPDimensionalLumber 3/4 x 4 x 8 Kiln Dried,Seller-style listing for SYPDimensionalLumber 3/4 x 4 x 8 Kiln Dried. Intended category: Structural lumber. Use normalized mapping with caution when ambiguity is medium.,Southern Yellow Pine,Southern Pine,Structural lumber,None,3/4x4x8,SYP Dimensional Lumber,SYPDimensionalLumber,Medium,No,Southern Pine includes multiple pine species; SYP and yellow pine are common commercial terms.,public terminology + synthetic seller-style alias,https://www.spib.org/glossary; https://www.spib.org/wood-services/lumber-grading-rules
LLX-0177,Vendor Price Sheet,SYP DIMENSIONAL LUMBER 2x4x92-5/8 No. 2,Seller-style listing for SYP DIMENSIONAL LUMBER 2x4x92-5/8 No. 2. Intended category: Structural lumber. Use normalized mapping with caution when ambiguity is medium.,Southern Yellow Pine,Southern Pine,Structural lumber,None,2x4x92-5/8,SYP Dimensional Lumber,SYP DIMENSIONAL LUMBER,Medium,No,Southern Pine includes multiple pine species; SYP and yellow pine are common commercial terms.,public terminology + synthetic seller-style alias,https://www.spib.org/glossary; https://www.spib.org/wood-services/lumber-grading-rules
LLX-0178,ERP Legacy Import,PT Southern Yellow Pine 2x4x10 Kiln Dried,Seller-style listing for PT Southern Yellow Pine 2x4x10 Kiln Dried. Intended category: Outdoor/ground-contact lumber. Use normalized mapping with caution when ambiguity is medium.,Pressure Treated Southern Yellow Pine,Southern Pine,Outdoor/ground-contact lumber,Pressure Treated,2x4x10,Pressure Treated Southern Yellow Pine,PT Southern Yellow Pine,Medium,No,"Pressure-treated lumber in many U.S. markets is commonly pine/Southern Pine, but verify local supplier/species.",public terminology + synthetic seller-style alias,https://www.lowes.com/n/buying-guide/lumber-buying-guide; https://www.spib.org/glossary
LLX-0179,Home Depot,PressureTreatedSouthernYellowPine 2x10x12 No. 2,Seller-style listing for PressureTreatedSouthernYellowPine 2x10x12 No. 2. Intended category: Outdoor/ground-contact lumber. Use normalized mapping with caution when ambiguity is medium.,Pressure Treated Southern Yellow Pine,Southern Pine,Outdoor/ground-contact lumber,Pressure Treated,2x10x12,Pressure Treated Southern Yellow Pine,PressureTreatedSouthernYellowPine,Medium,No,"Pressure-treated lumber in many U.S. markets is commonly pine/Southern Pine, but verify local supplier/species.",public terminology + synthetic seller-style alias,https://www.lowes.com/n/buying-guide/lumber-buying-guide; https://www.spib.org/glossary
LLX-0180,Menards,Pressure-Treated-Southern-Yellow-Pine 5/4x6x12 Stud Grade,Seller-style listing for Pressure-Treated-Southern-Yellow-Pine 5/4x6x12 Stud Grade. Intended category: Outdoor/ground-contact lumber. Use normalized mapping with caution when ambiguity is medium.,Pressure Treated Southern Yellow Pine,Southern Pine,Outdoor/ground-contact lumber,Pressure Treated,5/4x6x12,Pressure Treated Southern Yellow Pine,Pressure-Treated-Southern-Yellow-Pine,Medium,No,"Pressure-treated lumber in many U.S. markets is commonly pine/Southern Pine, but verify local supplier/species.",public terminology + synthetic seller-style alias,https://www.lowes.com/n/buying-guide/lumber-buying-guide; https://www.spib.org/glossary
LLX-0181,Lowes,pt syp 3/4x4x8 No. 2,Seller-style listing for pt syp 3/4x4x8 No. 2. Intended category: Outdoor/ground-contact lumber. Use normalized mapping with caution when ambiguity is medium.,Pressure Treated Southern Yellow Pine,Southern Pine,Outdoor/ground-contact lumber,Pressure Treated,3/4x4x8,PT SYP,pt syp,Medium,No,"Pressure-treated lumber in many U.S. markets is commonly pine/Southern Pine, but verify local supplier/species.",public terminology + synthetic seller-style alias,https://www.lowes.com/n/buying-guide/lumber-buying-guide; https://www.spib.org/glossary
LLX-0182,84 Lumber,PT-SYP 2x4x92-5/8 Stud Grade Lumber,Seller-style listing for PT-SYP 2x4x92-5/8 Stud Grade Lumber. Intended category: Outdoor/ground-contact lumber. Use normalized mapping with caution when ambiguity is medium.,Pressure Treated Southern Yellow Pine,Southern Pine,Outdoor/ground-contact lumber,Pressure Treated,2x4x92-5/8,PT SYP,PT-SYP,Medium,No,"Pressure-treated lumber in many U.S. markets is commonly pine/Southern Pine, but verify local supplier/species.",public terminology + synthetic seller-style alias,https://www.lowes.com/n/buying-guide/lumber-buying-guide; https://www.spib.org/glossary
LLX-0183,Builder Supply,PTSYP 2x8x10 Appearance,Seller-style listing for PTSYP 2x8x10 Appearance. Intended category: Outdoor/ground-contact lumber. Use normalized mapping with caution when ambiguity is medium.,Pressure Treated Southern Yellow Pine,Southern Pine,Outdoor/ground-contact lumber,Pressure Treated,2x8x10,PT SYP,PTSYP,Medium,No,"Pressure-treated lumber in many U.S. markets is commonly pine/Southern Pine, but verify local supplier/species.",public terminology + synthetic seller-style alias,https://www.lowes.com/n/buying-guide/lumber-buying-guide; https://www.spib.org/glossary
LLX-0184,Local Yard,SYP PT 2x10x12 Stud Grade,Seller-style listing for SYP PT 2x10x12 Stud Grade. Intended category: Outdoor/ground-contact lumber. Use normalized mapping with caution when ambiguity is medium.,Pressure Treated Southern Yellow Pine,Southern Pine,Outdoor/ground-contact lumber,Pressure Treated,2x10x12,SYP PT,SYP PT,Medium,No,"Pressure-treated lumber in many U.S. markets is commonly pine/Southern Pine, but verify local supplier/species.",public terminology + synthetic seller-style alias,https://www.lowes.com/n/buying-guide/lumber-buying-guide; https://www.spib.org/glossary
LLX-0185,Independent Lumberyard,syp pt 5/4x6x12 Appearance,Seller-style listing for syp pt 5/4x6x12 Appearance. Intended category: Outdoor/ground-contact lumber. Use normalized mapping with caution when ambiguity is medium.,Pressure Treated Southern Yellow Pine,Southern Pine,Outdoor/ground-contact lumber,Pressure Treated,5/4x6x12,SYP PT,syp pt,Medium,No,"Pressure-treated lumber in many U.S. markets is commonly pine/Southern Pine, but verify local supplier/species.",public terminology + synthetic seller-style alias,https://www.lowes.com/n/buying-guide/lumber-buying-guide; https://www.spib.org/glossary
LLX-0186,ERP Legacy Import,SYP-PT 2x4x8 Kiln Dried,Seller-style listing for SYP-PT 2x4x8 Kiln Dried. Intended category: Outdoor/ground-contact lumber. Use normalized mapping with caution when ambiguity is medium.,Pressure Treated Southern Yellow Pine,Southern Pine,Outdoor/ground-contact lumber,Pressure Treated,2x4x8,SYP PT,SYP-PT,Medium,No,"Pressure-treated lumber in many U.S. markets is commonly pine/Southern Pine, but verify local supplier/species.",public terminology + synthetic seller-style alias,https://www.lowes.com/n/buying-guide/lumber-buying-guide; https://www.spib.org/glossary
LLX-0187,Contractor Catalog,PT PINE 2 x 4 x 92-5/8 Appearance,Seller-style listing for PT PINE 2 x 4 x 92-5/8 Appearance. Intended category: Outdoor/ground-contact lumber. Use normalized mapping with caution when ambiguity is medium.,Pressure Treated Southern Yellow Pine,Southern Pine,Outdoor/ground-contact lumber,Pressure Treated,2x4x92-5/8,PT Pine,PT PINE,Medium,No,"Pressure-treated lumber in many U.S. markets is commonly pine/Southern Pine, but verify local supplier/species.",public terminology + synthetic seller-style alias,https://www.lowes.com/n/buying-guide/lumber-buying-guide; https://www.spib.org/glossary
LLX-0188,Vendor Price Sheet,pt pine 2x8x10 Kiln Dried,Seller-style listing for pt pine 2x8x10 Kiln Dried. Intended category: Outdoor/ground-contact lumber. Use normalized mapping with caution when ambiguity is medium.,Pressure Treated Southern Yellow Pine,Southern Pine,Outdoor/ground-contact lumber,Pressure Treated,2x8x10,PT Pine,pt pine,Medium,No,"Pressure-treated lumber in many U.S. markets is commonly pine/Southern Pine, but verify local supplier/species.",public terminology + synthetic seller-style alias,https://www.lowes.com/n/buying-guide/lumber-buying-guide; https://www.spib.org/glossary
LLX-0189,Lowes,PT Pine 1x6x8 No. 2 Lumber,Seller-style listing for PT Pine 1x6x8 No. 2 Lumber. Intended category: Outdoor/ground-contact lumber. Use normalized mapping with caution when ambiguity is medium.,Pressure Treated Southern Yellow Pine,Southern Pine,Outdoor/ground-contact lumber,Pressure Treated,1x6x8,PT Pine,PT Pine,Medium,No,"Pressure-treated lumber in many U.S. markets is commonly pine/Southern Pine, but verify local supplier/species.",public terminology + synthetic seller-style alias,https://www.lowes.com/n/buying-guide/lumber-buying-guide; https://www.spib.org/glossary
LLX-0190,Home Depot,TreatedPine 5/4x6x12 Kiln Dried,Seller-style listing for TreatedPine 5/4x6x12 Kiln Dried. Intended category: Outdoor/ground-contact lumber. Use normalized mapping with caution when ambiguity is medium.,Pressure Treated Southern Yellow Pine,Southern Pine,Outdoor/ground-contact lumber,Pressure Treated,5/4x6x12,Treated Pine,TreatedPine,Medium,No,"Pressure-treated lumber in many U.S. markets is commonly pine/Southern Pine, but verify local supplier/species.",public terminology + synthetic seller-style alias,https://www.lowes.com/n/buying-guide/lumber-buying-guide; https://www.spib.org/glossary
LLX-0191,Menards,Treated-Pine 2x4x8 No. 2,Seller-style listing for Treated-Pine 2x4x8 No. 2. Intended category: Outdoor/ground-contact lumber. Use normalized mapping with caution when ambiguity is medium.,Pressure Treated Southern Yellow Pine,Southern Pine,Outdoor/ground-contact lumber,Pressure Treated,2x4x8,Treated Pine,Treated-Pine,Medium,No,"Pressure-treated lumber in many U.S. markets is commonly pine/Southern Pine, but verify local supplier/species.",public terminology + synthetic seller-style alias,https://www.lowes.com/n/buying-guide/lumber-buying-guide; https://www.spib.org/glossary
LLX-0192,Local Yard,treated pine 2x6x12 Stud Grade,Seller-style listing for treated pine 2x6x12 Stud Grade. Intended category: Outdoor/ground-contact lumber. Use normalized mapping with caution when ambiguity is medium.,Pressure Treated Southern Yellow Pine,Southern Pine,Outdoor/ground-contact lumber,Pressure Treated,2x6x12,Treated Pine,treated pine,Medium,No,"Pressure-treated lumber in many U.S. markets is commonly pine/Southern Pine, but verify local supplier/species.",public terminology + synthetic seller-style alias,https://www.lowes.com/n/buying-guide/lumber-buying-guide; https://www.spib.org/glossary
LLX-0193,84 Lumber,Pressure-Treated-Pine 2x8x10 No. 2,Seller-style listing for Pressure-Treated-Pine 2x8x10 No. 2. Intended category: Outdoor/ground-contact lumber. Use normalized mapping with caution when ambiguity is medium.,Pressure Treated Southern Yellow Pine,Southern Pine,Outdoor/ground-contact lumber,Pressure Treated,2x8x10,Pressure Treated Pine,Pressure-Treated-Pine,Medium,No,"Pressure-treated lumber in many U.S. markets is commonly pine/Southern Pine, but verify local supplier/species.",public terminology + synthetic seller-style alias,https://www.lowes.com/n/buying-guide/lumber-buying-guide; https://www.spib.org/glossary
LLX-0194,Builder Supply,PRESSURE TREATED PINE 1x6x8 Stud Grade,Seller-style listing for PRESSURE TREATED PINE 1x6x8 Stud Grade. Intended category: Outdoor/ground-contact lumber. Use normalized mapping with caution when ambiguity is medium.,Pressure Treated Southern Yellow Pine,Southern Pine,Outdoor/ground-contact lumber,Pressure Treated,1x6x8,Pressure Treated Pine,PRESSURE TREATED PINE,Medium,No,"Pressure-treated lumber in many U.S. markets is commonly pine/Southern Pine, but verify local supplier/species.",public terminology + synthetic seller-style alias,https://www.lowes.com/n/buying-guide/lumber-buying-guide; https://www.spib.org/glossary
LLX-0195,Contractor Catalog,Pressure Treated Pine 7/16x4x8 Appearance,Seller-style listing for Pressure Treated Pine 7/16x4x8 Appearance. Intended category: Outdoor/ground-contact lumber. Use normalized mapping with caution when ambiguity is medium.,Pressure Treated Southern Yellow Pine,Southern Pine,Outdoor/ground-contact lumber,Pressure Treated,7/16x4x8,Pressure Treated Pine,Pressure Treated Pine,Medium,No,"Pressure-treated lumber in many U.S. markets is commonly pine/Southern Pine, but verify local supplier/species.",public terminology + synthetic seller-style alias,https://www.lowes.com/n/buying-guide/lumber-buying-guide; https://www.spib.org/glossary
LLX-0196,Independent Lumberyard,Pressure-Treated-Pine 2x4x8 Stud Grade Lumber,Seller-style listing for Pressure-Treated-Pine 2x4x8 Stud Grade Lumber. Intended category: Outdoor/ground-contact lumber. Use normalized mapping with caution when ambiguity is medium.,Pressure Treated Southern Yellow Pine,Southern Pine,Outdoor/ground-contact lumber,Pressure Treated,2x4x8,Pressure-Treated Pine,Pressure-Treated-Pine,Medium,No,"Pressure-treated lumber in many U.S. markets is commonly pine/Southern Pine, but verify local supplier/species.",public terminology + synthetic seller-style alias,https://www.lowes.com/n/buying-guide/lumber-buying-guide; https://www.spib.org/glossary
LLX-0197,ERP Legacy Import,pressure-treated pine 2x6x12 Appearance,Seller-style listing for pressure-treated pine 2x6x12 Appearance. Intended category: Outdoor/ground-contact lumber. Use normalized mapping with caution when ambiguity is medium.,Pressure Treated Southern Yellow Pine,Southern Pine,Outdoor/ground-contact lumber,Pressure Treated,2x6x12,Pressure-Treated Pine,pressure-treated pine,Medium,No,"Pressure-treated lumber in many U.S. markets is commonly pine/Southern Pine, but verify local supplier/species.",public terminology + synthetic seller-style alias,https://www.lowes.com/n/buying-guide/lumber-buying-guide; https://www.spib.org/glossary
LLX-0198,Home Depot,PRESSURE-TREATED PINE 1 x 4 x 8 Kiln Dried,Seller-style listing for PRESSURE-TREATED PINE 1 x 4 x 8 Kiln Dried. Intended category: Outdoor/ground-contact lumber. Use normalized mapping with caution when ambiguity is medium.,Pressure Treated Southern Yellow Pine,Southern Pine,Outdoor/ground-contact lumber,Pressure Treated,1x4x8,Pressure-Treated Pine,PRESSURE-TREATED PINE,Medium,No,"Pressure-treated lumber in many U.S. markets is commonly pine/Southern Pine, but verify local supplier/species.",public terminology + synthetic seller-style alias,https://www.lowes.com/n/buying-guide/lumber-buying-guide; https://www.spib.org/glossary
LLX-0199,Vendor Price Sheet,Ground Contact SYP 1x6x8 Appearance,Seller-style listing for Ground Contact SYP 1x6x8 Appearance. Intended category: Outdoor/ground-contact lumber. Use normalized mapping with caution when ambiguity is medium.,Pressure Treated Southern Yellow Pine,Southern Pine,Outdoor/ground-contact lumber,Pressure Treated,1x6x8,Ground Contact SYP,Ground Contact SYP,Medium,No,"Pressure-treated lumber in many U.S. markets is commonly pine/Southern Pine, but verify local supplier/species.",public terminology + synthetic seller-style alias,https://www.lowes.com/n/buying-guide/lumber-buying-guide; https://www.spib.org/glossary
LLX-0200,Lowes,Ground-Contact-SYP 7/16x4x8 Kiln Dried,Seller-style listing for Ground-Contact-SYP 7/16x4x8 Kiln Dried. Intended category: Outdoor/ground-contact lumber. Use normalized mapping with caution when ambiguity is medium.,Pressure Treated Southern Yellow Pine,Southern Pine,Outdoor/ground-contact lumber,Pressure Treated,7/16x4x8,Ground Contact SYP,Ground-Contact-SYP,Medium,No,"Pressure-treated lumber in many U.S. markets is commonly pine/Southern Pine, but verify local supplier/species.",public terminology + synthetic seller-style alias,https://www.lowes.com/n/buying-guide/lumber-buying-guide; https://www.spib.org/glossary
LLX-0201,84 Lumber,GROUND CONTACT SYP 2x6x8 No. 2,Seller-style listing for GROUND CONTACT SYP 2x6x8 No. 2. Intended category: Outdoor/ground-contact lumber. Use normalized mapping with caution when ambiguity is medium.,Pressure Treated Southern Yellow Pine,Southern Pine,Outdoor/ground-contact lumber,Pressure Treated,2x6x8,Ground Contact SYP,GROUND CONTACT SYP,Medium,No,"Pressure-treated lumber in many U.S. markets is commonly pine/Southern Pine, but verify local supplier/species.",public terminology + synthetic seller-style alias,https://www.lowes.com/n/buying-guide/lumber-buying-guide; https://www.spib.org/glossary
LLX-0202,Menards,GCSYP 2x6x12 Kiln Dried,Seller-style listing for GCSYP 2x6x12 Kiln Dried. Intended category: Outdoor/ground-contact lumber. Use normalized mapping with caution when ambiguity is medium.,Pressure Treated Southern Yellow Pine,Southern Pine,Outdoor/ground-contact lumber,Pressure Treated,2x6x12,GC SYP,GCSYP,Medium,No,"Pressure-treated lumber in many U.S. markets is commonly pine/Southern Pine, but verify local supplier/species.",public terminology + synthetic seller-style alias,https://www.lowes.com/n/buying-guide/lumber-buying-guide; https://www.spib.org/glossary
LLX-0203,Local Yard,GC SYP 1x4x8 No. 2 Lumber,Seller-style listing for GC SYP 1x4x8 No. 2 Lumber. Intended category: Outdoor/ground-contact lumber. Use normalized mapping with caution when ambiguity is medium.,Pressure Treated Southern Yellow Pine,Southern Pine,Outdoor/ground-contact lumber,Pressure Treated,1x4x8,GC SYP,GC SYP,Medium,No,"Pressure-treated lumber in many U.S. markets is commonly pine/Southern Pine, but verify local supplier/species.",public terminology + synthetic seller-style alias,https://www.lowes.com/n/buying-guide/lumber-buying-guide; https://www.spib.org/glossary
LLX-0204,Independent Lumberyard,GC-SYP 15/32x4x8 Stud Grade,Seller-style listing for GC-SYP 15/32x4x8 Stud Grade. Intended category: Outdoor/ground-contact lumber. Use normalized mapping with caution when ambiguity is medium.,Pressure Treated Southern Yellow Pine,Southern Pine,Outdoor/ground-contact lumber,Pressure Treated,15/32x4x8,GC SYP,GC-SYP,Medium,No,"Pressure-treated lumber in many U.S. markets is commonly pine/Southern Pine, but verify local supplier/species.",public terminology + synthetic seller-style alias,https://www.lowes.com/n/buying-guide/lumber-buying-guide; https://www.spib.org/glossary
LLX-0205,Builder Supply,treated syp 7/16x4x8 No. 2,Seller-style listing for treated syp 7/16x4x8 No. 2. Intended category: Outdoor/ground-contact lumber. Use normalized mapping with caution when ambiguity is medium.,Pressure Treated Southern Yellow Pine,Southern Pine,Outdoor/ground-contact lumber,Pressure Treated,7/16x4x8,Treated SYP,treated syp,Medium,No,"Pressure-treated lumber in many U.S. markets is commonly pine/Southern Pine, but verify local supplier/species.",public terminology + synthetic seller-style alias,https://www.lowes.com/n/buying-guide/lumber-buying-guide; https://www.spib.org/glossary
LLX-0206,Contractor Catalog,Treated-SYP 2x6x8 Stud Grade,Seller-style listing for Treated-SYP 2x6x8 Stud Grade. Intended category: Outdoor/ground-contact lumber. Use normalized mapping with caution when ambiguity is medium.,Pressure Treated Southern Yellow Pine,Southern Pine,Outdoor/ground-contact lumber,Pressure Treated,2x6x8,Treated SYP,Treated-SYP,Medium,No,"Pressure-treated lumber in many U.S. markets is commonly pine/Southern Pine, but verify local supplier/species.",public terminology + synthetic seller-style alias,https://www.lowes.com/n/buying-guide/lumber-buying-guide; https://www.spib.org/glossary
LLX-0207,Vendor Price Sheet,TREATED SYP 4x4x8 Appearance,Seller-style listing for TREATED SYP 4x4x8 Appearance. Intended category: Outdoor/ground-contact lumber. Use normalized mapping with caution when ambiguity is medium.,Pressure Treated Southern Yellow Pine,Southern Pine,Outdoor/ground-contact lumber,Pressure Treated,4x4x8,Treated SYP,TREATED SYP,Medium,No,"Pressure-treated lumber in many U.S. markets is commonly pine/Southern Pine, but verify local supplier/species.",public terminology + synthetic seller-style alias,https://www.lowes.com/n/buying-guide/lumber-buying-guide; https://www.spib.org/glossary
LLX-0208,ERP Legacy Import,yellawood 1x4x8 Stud Grade,Seller-style listing for yellawood 1x4x8 Stud Grade. Intended category: Outdoor/ground-contact lumber. Use normalized mapping with caution when ambiguity is medium.,Pressure Treated Southern Yellow Pine,Southern Pine,Outdoor/ground-contact lumber,Pressure Treated,1x4x8,YellaWood,yellawood,Medium,No,"Pressure-treated lumber in many U.S. markets is commonly pine/Southern Pine, but verify local supplier/species.",public terminology + synthetic seller-style alias,https://www.lowes.com/n/buying-guide/lumber-buying-guide; https://www.spib.org/glossary
LLX-0209,Home Depot,YELLAWOOD 15/32 x 4 x 8 Appearance,Seller-style listing for YELLAWOOD 15/32 x 4 x 8 Appearance. Intended category: Outdoor/ground-contact lumber. Use normalized mapping with caution when ambiguity is medium.,Pressure Treated Southern Yellow Pine,Southern Pine,Outdoor/ground-contact lumber,Pressure Treated,15/32x4x8,YellaWood,YELLAWOOD,Medium,No,"Pressure-treated lumber in many U.S. markets is commonly pine/Southern Pine, but verify local supplier/species.",public terminology + synthetic seller-style alias,https://www.lowes.com/n/buying-guide/lumber-buying-guide; https://www.spib.org/glossary
LLX-0210,Menards,YellaWood 2x4x10 Kiln Dried Lumber,Seller-style listing for YellaWood 2x4x10 Kiln Dried Lumber. Intended category: Outdoor/ground-contact lumber. Use normalized mapping with caution when ambiguity is medium.,Pressure Treated Southern Yellow Pine,Southern Pine,Outdoor/ground-contact lumber,Pressure Treated,2x4x10,YellaWood,YellaWood,Medium,No,"Pressure-treated lumber in many U.S. markets is commonly pine/Southern Pine, but verify local supplier/species.",public terminology + synthetic seller-style alias,https://www.lowes.com/n/buying-guide/lumber-buying-guide; https://www.spib.org/glossary
LLX-0211,Lowes,Yellow Wood 2x6x8 Appearance,Seller-style listing for Yellow Wood 2x6x8 Appearance. Intended category: Outdoor/ground-contact lumber. Use normalized mapping with caution when ambiguity is medium.,Pressure Treated Southern Yellow Pine,Southern Pine,Outdoor/ground-contact lumber,Pressure Treated,2x6x8,Yellow Wood,Yellow Wood,Medium,No,"Pressure-treated lumber in many U.S. markets is commonly pine/Southern Pine, but verify local supplier/species.",public terminology + synthetic seller-style alias,https://www.lowes.com/n/buying-guide/lumber-buying-guide; https://www.spib.org/glossary
LLX-0212,84 Lumber,YELLOW WOOD 4x4x8 Kiln Dried,Seller-style listing for YELLOW WOOD 4x4x8 Kiln Dried. Intended category: Outdoor/ground-contact lumber. Use normalized mapping with caution when ambiguity is medium.,Pressure Treated Southern Yellow Pine,Southern Pine,Outdoor/ground-contact lumber,Pressure Treated,4x4x8,Yellow Wood,YELLOW WOOD,Medium,No,"Pressure-treated lumber in many U.S. markets is commonly pine/Southern Pine, but verify local supplier/species.",public terminology + synthetic seller-style alias,https://www.lowes.com/n/buying-guide/lumber-buying-guide; https://www.spib.org/glossary
LLX-0213,Builder Supply,YellowWood 3/4x4x8 No. 2,Seller-style listing for YellowWood 3/4x4x8 No. 2. Intended category: Outdoor/ground-contact lumber. Use normalized mapping with caution when ambiguity is medium.,Pressure Treated Southern Yellow Pine,Southern Pine,Outdoor/ground-contact lumber,Pressure Treated,3/4x4x8,Yellow Wood,YellowWood,Medium,No,"Pressure-treated lumber in many U.S. markets is commonly pine/Southern Pine, but verify local supplier/species.",public terminology + synthetic seller-style alias,https://www.lowes.com/n/buying-guide/lumber-buying-guide; https://www.spib.org/glossary
LLX-0214,Local Yard,ACQ-Treated-Pine 15/32x4x8 Kiln Dried,Seller-style listing for ACQ-Treated-Pine 15/32x4x8 Kiln Dried. Intended category: Outdoor/ground-contact lumber. Use normalized mapping with caution when ambiguity is medium.,Pressure Treated Southern Yellow Pine,Southern Pine,Outdoor/ground-contact lumber,Pressure Treated,15/32x4x8,ACQ Treated Pine,ACQ-Treated-Pine,Medium,No,"Pressure-treated lumber in many U.S. markets is commonly pine/Southern Pine, but verify local supplier/species.",public terminology + synthetic seller-style alias,https://www.lowes.com/n/buying-guide/lumber-buying-guide; https://www.spib.org/glossary
LLX-0215,Independent Lumberyard,ACQ TREATED PINE 2x4x10 No. 2,Seller-style listing for ACQ TREATED PINE 2x4x10 No. 2. Intended category: Outdoor/ground-contact lumber. Use normalized mapping with caution when ambiguity is medium.,Pressure Treated Southern Yellow Pine,Southern Pine,Outdoor/ground-contact lumber,Pressure Treated,2x4x10,ACQ Treated Pine,ACQ TREATED PINE,Medium,No,"Pressure-treated lumber in many U.S. markets is commonly pine/Southern Pine, but verify local supplier/species.",public terminology + synthetic seller-style alias,https://www.lowes.com/n/buying-guide/lumber-buying-guide; https://www.spib.org/glossary
LLX-0216,ERP Legacy Import,ACQ Treated Pine 2x10x12 Stud Grade,Seller-style listing for ACQ Treated Pine 2x10x12 Stud Grade. Intended category: Outdoor/ground-contact lumber. Use normalized mapping with caution when ambiguity is medium.,Pressure Treated Southern Yellow Pine,Southern Pine,Outdoor/ground-contact lumber,Pressure Treated,2x10x12,ACQ Treated Pine,ACQ Treated Pine,Medium,No,"Pressure-treated lumber in many U.S. markets is commonly pine/Southern Pine, but verify local supplier/species.",public terminology + synthetic seller-style alias,https://www.lowes.com/n/buying-guide/lumber-buying-guide; https://www.spib.org/glossary
LLX-0217,Contractor Catalog,MCA Treated Pine 4x4x8 No. 2 Lumber,Seller-style listing for MCA Treated Pine 4x4x8 No. 2 Lumber. Intended category: Outdoor/ground-contact lumber. Use normalized mapping with caution when ambiguity is medium.,Pressure Treated Southern Yellow Pine,Southern Pine,Outdoor/ground-contact lumber,Pressure Treated,4x4x8,MCA Treated Pine,MCA Treated Pine,Medium,No,"Pressure-treated lumber in many U.S. markets is commonly pine/Southern Pine, but verify local supplier/species.",public terminology + synthetic seller-style alias,https://www.lowes.com/n/buying-guide/lumber-buying-guide; https://www.spib.org/glossary
LLX-0218,Vendor Price Sheet,MCA-Treated-Pine 3/4x4x8 Stud Grade,Seller-style listing for MCA-Treated-Pine 3/4x4x8 Stud Grade. Intended category: Outdoor/ground-contact lumber. Use normalized mapping with caution when ambiguity is medium.,Pressure Treated Southern Yellow Pine,Southern Pine,Outdoor/ground-contact lumber,Pressure Treated,3/4x4x8,MCA Treated Pine,MCA-Treated-Pine,Medium,No,"Pressure-treated lumber in many U.S. markets is commonly pine/Southern Pine, but verify local supplier/species.",public terminology + synthetic seller-style alias,https://www.lowes.com/n/buying-guide/lumber-buying-guide; https://www.spib.org/glossary
LLX-0219,Lowes,MCATreatedPine 2x4x92-5/8 Appearance,Seller-style listing for MCATreatedPine 2x4x92-5/8 Appearance. Intended category: Outdoor/ground-contact lumber. Use normalized mapping with caution when ambiguity is medium.,Pressure Treated Southern Yellow Pine,Southern Pine,Outdoor/ground-contact lumber,Pressure Treated,2x4x92-5/8,MCA Treated Pine,MCATreatedPine,Medium,No,"Pressure-treated lumber in many U.S. markets is commonly pine/Southern Pine, but verify local supplier/species.",public terminology + synthetic seller-style alias,https://www.lowes.com/n/buying-guide/lumber-buying-guide; https://www.spib.org/glossary
LLX-0220,Home Depot,OutdoorTreatedPine 2 x 4 x 10 Stud Grade,Seller-style listing for OutdoorTreatedPine 2 x 4 x 10 Stud Grade. Intended category: Outdoor/ground-contact lumber. Use normalized mapping with caution when ambiguity is medium.,Pressure Treated Southern Yellow Pine,Southern Pine,Outdoor/ground-contact lumber,Pressure Treated,2x4x10,Outdoor Treated Pine,OutdoorTreatedPine,Medium,No,"Pressure-treated lumber in many U.S. markets is commonly pine/Southern Pine, but verify local supplier/species.",public terminology + synthetic seller-style alias,https://www.lowes.com/n/buying-guide/lumber-buying-guide; https://www.spib.org/glossary
LLX-0221,Menards,Outdoor Treated Pine 2x10x12 Appearance,Seller-style listing for Outdoor Treated Pine 2x10x12 Appearance. Intended category: Outdoor/ground-contact lumber. Use normalized mapping with caution when ambiguity is medium.,Pressure Treated Southern Yellow Pine,Southern Pine,Outdoor/ground-contact lumber,Pressure Treated,2x10x12,Outdoor Treated Pine,Outdoor Treated Pine,Medium,No,"Pressure-treated lumber in many U.S. markets is commonly pine/Southern Pine, but verify local supplier/species.",public terminology + synthetic seller-style alias,https://www.lowes.com/n/buying-guide/lumber-buying-guide; https://www.spib.org/glossary
LLX-0222,Local Yard,Outdoor-Treated-Pine 5/4x6x12 Kiln Dried,Seller-style listing for Outdoor-Treated-Pine 5/4x6x12 Kiln Dried. Intended category: Outdoor/ground-contact lumber. Use normalized mapping with caution when ambiguity is medium.,Pressure Treated Southern Yellow Pine,Southern Pine,Outdoor/ground-contact lumber,Pressure Treated,5/4x6x12,Outdoor Treated Pine,Outdoor-Treated-Pine,Medium,No,"Pressure-treated lumber in many U.S. markets is commonly pine/Southern Pine, but verify local supplier/species.",public terminology + synthetic seller-style alias,https://www.lowes.com/n/buying-guide/lumber-buying-guide; https://www.spib.org/glossary
LLX-0223,84 Lumber,pt yellow pine 3/4x4x8 Appearance,Seller-style listing for pt yellow pine 3/4x4x8 Appearance. Intended category: Outdoor/ground-contact lumber. Use normalized mapping with caution when ambiguity is medium.,Pressure Treated Southern Yellow Pine,Southern Pine,Outdoor/ground-contact lumber,Pressure Treated,3/4x4x8,PT Yellow Pine,pt yellow pine,Medium,No,"Pressure-treated lumber in many U.S. markets is commonly pine/Southern Pine, but verify local supplier/species.",public terminology + synthetic seller-style alias,https://www.lowes.com/n/buying-guide/lumber-buying-guide; https://www.spib.org/glossary
LLX-0224,Builder Supply,PT YELLOW PINE 2x4x92-5/8 Kiln Dried Lumber,Seller-style listing for PT YELLOW PINE 2x4x92-5/8 Kiln Dried Lumber. Intended category: Outdoor/ground-contact lumber. Use normalized mapping with caution when ambiguity is medium.,Pressure Treated Southern Yellow Pine,Southern Pine,Outdoor/ground-contact lumber,Pressure Treated,2x4x92-5/8,PT Yellow Pine,PT YELLOW PINE,Medium,No,"Pressure-treated lumber in many U.S. markets is commonly pine/Southern Pine, but verify local supplier/species.",public terminology + synthetic seller-style alias,https://www.lowes.com/n/buying-guide/lumber-buying-guide; https://www.spib.org/glossary
LLX-0225,Contractor Catalog,PTYellowPine 2x8x10 No. 2,Seller-style listing for PTYellowPine 2x8x10 No. 2. Intended category: Outdoor/ground-contact lumber. Use normalized mapping with caution when ambiguity is medium.,Pressure Treated Southern Yellow Pine,Southern Pine,Outdoor/ground-contact lumber,Pressure Treated,2x8x10,PT Yellow Pine,PTYellowPine,Medium,No,"Pressure-treated lumber in many U.S. markets is commonly pine/Southern Pine, but verify local supplier/species.",public terminology + synthetic seller-style alias,https://www.lowes.com/n/buying-guide/lumber-buying-guide; https://www.spib.org/glossary
LLX-0226,Independent Lumberyard,PRESSURE TREATED YELLOW PINE 2x10x12 Kiln Dried,Seller-style listing for PRESSURE TREATED YELLOW PINE 2x10x12 Kiln Dried. Intended category: Outdoor/ground-contact lumber. Use normalized mapping with caution when ambiguity is medium.,Pressure Treated Southern Yellow Pine,Southern Pine,Outdoor/ground-contact lumber,Pressure Treated,2x10x12,Pressure Treated Yellow Pine,PRESSURE TREATED YELLOW PINE,Medium,No,"Pressure-treated lumber in many U.S. markets is commonly pine/Southern Pine, but verify local supplier/species.",public terminology + synthetic seller-style alias,https://www.lowes.com/n/buying-guide/lumber-buying-guide; https://www.spib.org/glossary
LLX-0227,ERP Legacy Import,Pressure Treated Yellow Pine 5/4x6x12 No. 2,Seller-style listing for Pressure Treated Yellow Pine 5/4x6x12 No. 2. Intended category: Outdoor/ground-contact lumber. Use normalized mapping with caution when ambiguity is medium.,Pressure Treated Southern Yellow Pine,Southern Pine,Outdoor/ground-contact lumber,Pressure Treated,5/4x6x12,Pressure Treated Yellow Pine,Pressure Treated Yellow Pine,Medium,No,"Pressure-treated lumber in many U.S. markets is commonly pine/Southern Pine, but verify local supplier/species.",public terminology + synthetic seller-style alias,https://www.lowes.com/n/buying-guide/lumber-buying-guide; https://www.spib.org/glossary
LLX-0228,Home Depot,Pressure-Treated-Yellow-Pine 2x4x8 Stud Grade,Seller-style listing for Pressure-Treated-Yellow-Pine 2x4x8 Stud Grade. Intended category: Outdoor/ground-contact lumber. Use normalized mapping with caution when ambiguity is medium.,Pressure Treated Southern Yellow Pine,Southern Pine,Outdoor/ground-contact lumber,Pressure Treated,2x4x8,Pressure Treated Yellow Pine,Pressure-Treated-Yellow-Pine,Medium,No,"Pressure-treated lumber in many U.S. markets is commonly pine/Southern Pine, but verify local supplier/species.",public terminology + synthetic seller-style alias,https://www.lowes.com/n/buying-guide/lumber-buying-guide; https://www.spib.org/glossary
LLX-0229,Vendor Price Sheet,SYP Ground Contact 2x4x92-5/8 No. 2,Seller-style listing for SYP Ground Contact 2x4x92-5/8 No. 2. Intended category: Outdoor/ground-contact lumber. Use normalized mapping with caution when ambiguity is medium.,Pressure Treated Southern Yellow Pine,Southern Pine,Outdoor/ground-contact lumber,Pressure Treated,2x4x92-5/8,SYP Ground Contact,SYP Ground Contact,Medium,No,"Pressure-treated lumber in many U.S. markets is commonly pine/Southern Pine, but verify local supplier/species.",public terminology + synthetic seller-style alias,https://www.lowes.com/n/buying-guide/lumber-buying-guide; https://www.spib.org/glossary
LLX-0230,Lowes,SYP GROUND CONTACT 2x8x10 Stud Grade,Seller-style listing for SYP GROUND CONTACT 2x8x10 Stud Grade. Intended category: Outdoor/ground-contact lumber. Use normalized mapping with caution when ambiguity is medium.,Pressure Treated Southern Yellow Pine,Southern Pine,Outdoor/ground-contact lumber,Pressure Treated,2x8x10,SYP Ground Contact,SYP GROUND CONTACT,Medium,No,"Pressure-treated lumber in many U.S. markets is commonly pine/Southern Pine, but verify local supplier/species.",public terminology + synthetic seller-style alias,https://www.lowes.com/n/buying-guide/lumber-buying-guide; https://www.spib.org/glossary
LLX-0231,84 Lumber,SYPGroundContact 1 x 6 x 8 Appearance Lumber,Seller-style listing for SYPGroundContact 1 x 6 x 8 Appearance Lumber. Intended category: Outdoor/ground-contact lumber. Use normalized mapping with caution when ambiguity is medium.,Pressure Treated Southern Yellow Pine,Southern Pine,Outdoor/ground-contact lumber,Pressure Treated,1x6x8,SYP Ground Contact,SYPGroundContact,Medium,No,"Pressure-treated lumber in many U.S. markets is commonly pine/Southern Pine, but verify local supplier/species.",public terminology + synthetic seller-style alias,https://www.lowes.com/n/buying-guide/lumber-buying-guide; https://www.spib.org/glossary
LLX-0232,Menards,TREATED SOUTHERN PINE 5/4x6x12 Stud Grade,Seller-style listing for TREATED SOUTHERN PINE 5/4x6x12 Stud Grade. Intended category: Outdoor/ground-contact lumber. Use normalized mapping with caution when ambiguity is medium.,Pressure Treated Southern Yellow Pine,Southern Pine,Outdoor/ground-contact lumber,Pressure Treated,5/4x6x12,Treated Southern Pine,TREATED SOUTHERN PINE,Medium,No,"Pressure-treated lumber in many U.S. markets is commonly pine/Southern Pine, but verify local supplier/species.",public terminology + synthetic seller-style alias,https://www.lowes.com/n/buying-guide/lumber-buying-guide; https://www.spib.org/glossary
LLX-0233,Local Yard,TreatedSouthernPine 2x4x8 Appearance,Seller-style listing for TreatedSouthernPine 2x4x8 Appearance. Intended category: Outdoor/ground-contact lumber. Use normalized mapping with caution when ambiguity is medium.,Pressure Treated Southern Yellow Pine,Southern Pine,Outdoor/ground-contact lumber,Pressure Treated,2x4x8,Treated Southern Pine,TreatedSouthernPine,Medium,No,"Pressure-treated lumber in many U.S. markets is commonly pine/Southern Pine, but verify local supplier/species.",public terminology + synthetic seller-style alias,https://www.lowes.com/n/buying-guide/lumber-buying-guide; https://www.spib.org/glossary
LLX-0234,Independent Lumberyard,Treated Southern Pine 2x6x12 Kiln Dried,Seller-style listing for Treated Southern Pine 2x6x12 Kiln Dried. Intended category: Outdoor/ground-contact lumber. Use normalized mapping with caution when ambiguity is medium.,Pressure Treated Southern Yellow Pine,Southern Pine,Outdoor/ground-contact lumber,Pressure Treated,2x6x12,Treated Southern Pine,Treated Southern Pine,Medium,No,"Pressure-treated lumber in many U.S. markets is commonly pine/Southern Pine, but verify local supplier/species.",public terminology + synthetic seller-style alias,https://www.lowes.com/n/buying-guide/lumber-buying-guide; https://www.spib.org/glossary
LLX-0235,Builder Supply,hem-fir 2x8x10 Appearance,Seller-style listing for hem-fir 2x8x10 Appearance. Intended category: Structural/framing lumber. Use normalized mapping with caution when ambiguity is low.,Hem-Fir,Hem-Fir,Structural/framing lumber,None,2x8x10,Hem-Fir,hem-fir,Low,No,Hem-Fir is a species combination of Western Hemlock and true firs.,public terminology + synthetic seller-style alias,https://www.wwpa.org/western-lumber/western-species/hem-fir-white-fir/; https://www.wwpa.org/resources/
LLX-0236,Contractor Catalog,Hem-Fir 1x6x8 Kiln Dried,Seller-style listing for Hem-Fir 1x6x8 Kiln Dried. Intended category: Structural/framing lumber. Use normalized mapping with caution when ambiguity is low.,Hem-Fir,Hem-Fir,Structural/framing lumber,None,1x6x8,Hem-Fir,Hem-Fir,Low,No,Hem-Fir is a species combination of Western Hemlock and true firs.,public terminology + synthetic seller-style alias,https://www.wwpa.org/western-lumber/western-species/hem-fir-white-fir/; https://www.wwpa.org/resources/
LLX-0237,Vendor Price Sheet,Hem Fir 7/16x4x8 No. 2,Seller-style listing for Hem Fir 7/16x4x8 No. 2. Intended category: Structural/framing lumber. Use normalized mapping with caution when ambiguity is low.,Hem-Fir,Hem-Fir,Structural/framing lumber,None,7/16x4x8,Hem-Fir,Hem Fir,Low,No,Hem-Fir is a species combination of Western Hemlock and true firs.,public terminology + synthetic seller-style alias,https://www.wwpa.org/western-lumber/western-species/hem-fir-white-fir/; https://www.wwpa.org/resources/
LLX-0238,ERP Legacy Import,HemFir 2x4x8 Kiln Dried Lumber,Seller-style listing for HemFir 2x4x8 Kiln Dried Lumber. Intended category: Structural/framing lumber. Use normalized mapping with caution when ambiguity is low.,Hem-Fir,Hem-Fir,Structural/framing lumber,None,2x4x8,Hem Fir,HemFir,Low,No,Hem-Fir is a species combination of Western Hemlock and true firs.,public terminology + synthetic seller-style alias,https://www.wwpa.org/western-lumber/western-species/hem-fir-white-fir/; https://www.wwpa.org/resources/
LLX-0239,Home Depot,HEM FIR 2x6x12 No. 2,Seller-style listing for HEM FIR 2x6x12 No. 2. Intended category: Structural/framing lumber. Use normalized mapping with caution when ambiguity is low.,Hem-Fir,Hem-Fir,Structural/framing lumber,None,2x6x12,Hem Fir,HEM FIR,Low,No,Hem-Fir is a species combination of Western Hemlock and true firs.,public terminology + synthetic seller-style alias,https://www.wwpa.org/western-lumber/western-species/hem-fir-white-fir/; https://www.wwpa.org/resources/
LLX-0240,Menards,Hem Fir 1x4x8 Stud Grade,Seller-style listing for Hem Fir 1x4x8 Stud Grade. Intended category: Structural/framing lumber. Use normalized mapping with caution when ambiguity is low.,Hem-Fir,Hem-Fir,Structural/framing lumber,None,1x4x8,Hem Fir,Hem Fir,Low,No,Hem-Fir is a species combination of Western Hemlock and true firs.,public terminology + synthetic seller-style alias,https://www.wwpa.org/western-lumber/western-species/hem-fir-white-fir/; https://www.wwpa.org/resources/
LLX-0241,Lowes,hemfir 1x6x8 No. 2,Seller-style listing for hemfir 1x6x8 No. 2. Intended category: Structural/framing lumber. Use normalized mapping with caution when ambiguity is low.,Hem-Fir,Hem-Fir,Structural/framing lumber,None,1x6x8,Hemfir,hemfir,Low,No,Hem-Fir is a species combination of Western Hemlock and true firs.,public terminology + synthetic seller-style alias,https://www.wwpa.org/western-lumber/western-species/hem-fir-white-fir/; https://www.wwpa.org/resources/
LLX-0242,84 Lumber,Hemfir 7/16 x 4 x 8 Stud Grade,Seller-style listing for Hemfir 7/16 x 4 x 8 Stud Grade. Intended category: Structural/framing lumber. Use normalized mapping with caution when ambiguity is low.,Hem-Fir,Hem-Fir,Structural/framing lumber,None,7/16x4x8,Hemfir,Hemfir,Low,No,Hem-Fir is a species combination of Western Hemlock and true firs.,public terminology + synthetic seller-style alias,https://www.wwpa.org/western-lumber/western-species/hem-fir-white-fir/; https://www.wwpa.org/resources/
LLX-0243,Builder Supply,HEMFIR 2x6x8 Appearance,Seller-style listing for HEMFIR 2x6x8 Appearance. Intended category: Structural/framing lumber. Use normalized mapping with caution when ambiguity is low.,Hem-Fir,Hem-Fir,Structural/framing lumber,None,2x6x8,Hemfir,HEMFIR,Low,No,Hem-Fir is a species combination of Western Hemlock and true firs.,public terminology + synthetic seller-style alias,https://www.wwpa.org/western-lumber/western-species/hem-fir-white-fir/; https://www.wwpa.org/resources/
LLX-0244,Local Yard,Hem-Fir Stud 2x6x12 Stud Grade,Seller-style listing for Hem-Fir Stud 2x6x12 Stud Grade. Intended category: Structural/framing lumber. Use normalized mapping with caution when ambiguity is low.,Hem-Fir,Hem-Fir,Structural/framing lumber,None,2x6x12,Hem-Fir Stud,Hem-Fir Stud,Low,No,Hem-Fir is a species combination of Western Hemlock and true firs.,public terminology + synthetic seller-style alias,https://www.wwpa.org/western-lumber/western-species/hem-fir-white-fir/; https://www.wwpa.org/resources/
LLX-0245,Independent Lumberyard,Hem Fir Stud 1x4x8 Appearance Lumber,Seller-style listing for Hem Fir Stud 1x4x8 Appearance Lumber. Intended category: Structural/framing lumber. Use normalized mapping with caution when ambiguity is low.,Hem-Fir,Hem-Fir,Structural/framing lumber,None,1x4x8,Hem-Fir Stud,Hem Fir Stud,Low,No,Hem-Fir is a species combination of Western Hemlock and true firs.,public terminology + synthetic seller-style alias,https://www.wwpa.org/western-lumber/western-species/hem-fir-white-fir/; https://www.wwpa.org/resources/
LLX-0246,ERP Legacy Import,Hem-FirStud 15/32x4x8 Kiln Dried,Seller-style listing for Hem-FirStud 15/32x4x8 Kiln Dried. Intended category: Structural/framing lumber. Use normalized mapping with caution when ambiguity is low.,Hem-Fir,Hem-Fir,Structural/framing lumber,None,15/32x4x8,Hem-Fir Stud,Hem-FirStud,Low,No,Hem-Fir is a species combination of Western Hemlock and true firs.,public terminology + synthetic seller-style alias,https://www.wwpa.org/western-lumber/western-species/hem-fir-white-fir/; https://www.wwpa.org/resources/
LLX-0247,Contractor Catalog,Hem-Fir-Lumber 7/16x4x8 Appearance,Seller-style listing for Hem-Fir-Lumber 7/16x4x8 Appearance. Intended category: Structural/framing lumber. Use normalized mapping with caution when ambiguity is low.,Hem-Fir,Hem-Fir,Structural/framing lumber,None,7/16x4x8,Hem Fir Lumber,Hem-Fir-Lumber,Low,No,Hem-Fir is a species combination of Western Hemlock and true firs.,public terminology + synthetic seller-style alias,https://www.wwpa.org/western-lumber/western-species/hem-fir-white-fir/; https://www.wwpa.org/resources/
LLX-0248,Vendor Price Sheet,HemFirLumber 2x6x8 Kiln Dried,Seller-style listing for HemFirLumber 2x6x8 Kiln Dried. Intended category: Structural/framing lumber. Use normalized mapping with caution when ambiguity is low.,Hem-Fir,Hem-Fir,Structural/framing lumber,None,2x6x8,Hem Fir Lumber,HemFirLumber,Low,No,Hem-Fir is a species combination of Western Hemlock and true firs.,public terminology + synthetic seller-style alias,https://www.wwpa.org/western-lumber/western-species/hem-fir-white-fir/; https://www.wwpa.org/resources/
LLX-0249,Lowes,Hem Fir Lumber 4x4x8 No. 2,Seller-style listing for Hem Fir Lumber 4x4x8 No. 2. Intended category: Structural/framing lumber. Use normalized mapping with caution when ambiguity is low.,Hem-Fir,Hem-Fir,Structural/framing lumber,None,4x4x8,Hem Fir Lumber,Hem Fir Lumber,Low,No,Hem-Fir is a species combination of Western Hemlock and true firs.,public terminology + synthetic seller-style alias,https://www.wwpa.org/western-lumber/western-species/hem-fir-white-fir/; https://www.wwpa.org/resources/
LLX-0250,Home Depot,hf 1x4x8 Kiln Dried,Seller-style listing for hf 1x4x8 Kiln Dried. Intended category: Structural/framing lumber. Use normalized mapping with caution when ambiguity is low.,Hem-Fir,Hem-Fir,Structural/framing lumber,None,1x4x8,HF,hf,Low,No,Hem-Fir is a species combination of Western Hemlock and true firs.,public terminology + synthetic seller-style alias,https://www.wwpa.org/western-lumber/western-species/hem-fir-white-fir/; https://www.wwpa.org/resources/
LLX-0251,Menards,HF 15/32x4x8 No. 2,Seller-style listing for HF 15/32x4x8 No. 2. Intended category: Structural/framing lumber. Use normalized mapping with caution when ambiguity is low.,Hem-Fir,Hem-Fir,Structural/framing lumber,None,15/32x4x8,HF,HF,Low,No,Hem-Fir is a species combination of Western Hemlock and true firs.,public terminology + synthetic seller-style alias,https://www.wwpa.org/western-lumber/western-species/hem-fir-white-fir/; https://www.wwpa.org/resources/
LLX-0252,Menards,H F 2x4x8 #2 Lumber,Seller-style listing for H F 2x4x8 #2 Lumber. Intended category: Structural/framing lumber. Use normalized mapping with caution when ambiguity is low.,Hem-Fir,Hem-Fir,Structural/framing lumber,None,2x4x8,H-F,H F,Low,No,Hem-Fir is a species combination of Western Hemlock and true firs.,public terminology + synthetic seller-style alias,https://www.wwpa.org/western-lumber/western-species/hem-fir-white-fir/; https://www.wwpa.org/resources/
LLX-0253,Local Yard,h-f 2 x 6 x 12 Select,Seller-style listing for h-f 2 x 6 x 12 Select. Intended category: Structural/framing lumber. Use normalized mapping with caution when ambiguity is low.,Hem-Fir,Hem-Fir,Structural/framing lumber,None,2x6x12,H-F,h-f,Low,No,Hem-Fir is a species combination of Western Hemlock and true firs.,public terminology + synthetic seller-style alias,https://www.wwpa.org/western-lumber/western-species/hem-fir-white-fir/; https://www.wwpa.org/resources/
LLX-0254,Independent Lumberyard,H-F 1x4x8 Common,Seller-style listing for H-F 1x4x8 Common. Intended category: Structural/framing lumber. Use normalized mapping with caution when ambiguity is low.,Hem-Fir,Hem-Fir,Structural/framing lumber,None,1x4x8,H-F,H-F,Low,No,Hem-Fir is a species combination of Western Hemlock and true firs.,public terminology + synthetic seller-style alias,https://www.wwpa.org/western-lumber/western-species/hem-fir-white-fir/; https://www.wwpa.org/resources/
LLX-0255,Builder Supply,HemlockFir 1x6x8 Select,Seller-style listing for HemlockFir 1x6x8 Select. Intended category: Structural/framing lumber. Use normalized mapping with caution when ambiguity is low.,Hem-Fir,Hem-Fir,Structural/framing lumber,None,1x6x8,Hemlock Fir,HemlockFir,Low,No,Hem-Fir is a species combination of Western Hemlock and true firs.,public terminology + synthetic seller-style alias,https://www.wwpa.org/western-lumber/western-species/hem-fir-white-fir/; https://www.wwpa.org/resources/
LLX-0256,Contractor Catalog,HEMLOCK FIR 7/16x4x8 Common,Seller-style listing for HEMLOCK FIR 7/16x4x8 Common. Intended category: Structural/framing lumber. Use normalized mapping with caution when ambiguity is low.,Hem-Fir,Hem-Fir,Structural/framing lumber,None,7/16x4x8,Hemlock Fir,HEMLOCK FIR,Low,No,Hem-Fir is a species combination of Western Hemlock and true firs.,public terminology + synthetic seller-style alias,https://www.wwpa.org/western-lumber/western-species/hem-fir-white-fir/; https://www.wwpa.org/resources/
LLX-0257,Vendor Price Sheet,hemlock fir 2x6x8 KD,Seller-style listing for hemlock fir 2x6x8 KD. Intended category: Structural/framing lumber. Use normalized mapping with caution when ambiguity is low.,Hem-Fir,Hem-Fir,Structural/framing lumber,None,2x6x8,Hemlock Fir,hemlock fir,Low,No,Hem-Fir is a species combination of Western Hemlock and true firs.,public terminology + synthetic seller-style alias,https://www.wwpa.org/western-lumber/western-species/hem-fir-white-fir/; https://www.wwpa.org/resources/
LLX-0258,ERP Legacy Import,HEMLOCK-FIR 2x6x12 Common,Seller-style listing for HEMLOCK-FIR 2x6x12 Common. Intended category: Structural/framing lumber. Use normalized mapping with caution when ambiguity is low.,Hem-Fir,Hem-Fir,Structural/framing lumber,None,2x6x12,Hemlock-Fir,HEMLOCK-FIR,Low,No,Hem-Fir is a species combination of Western Hemlock and true firs.,public terminology + synthetic seller-style alias,https://www.wwpa.org/western-lumber/western-species/hem-fir-white-fir/; https://www.wwpa.org/resources/
LLX-0259,Home Depot,Hemlock Fir 1x4x8 KD Lumber,Seller-style listing for Hemlock Fir 1x4x8 KD Lumber. Intended category: Structural/framing lumber. Use normalized mapping with caution when ambiguity is low.,Hem-Fir,Hem-Fir,Structural/framing lumber,None,1x4x8,Hemlock-Fir,Hemlock Fir,Low,No,Hem-Fir is a species combination of Western Hemlock and true firs.,public terminology + synthetic seller-style alias,https://www.wwpa.org/western-lumber/western-species/hem-fir-white-fir/; https://www.wwpa.org/resources/
LLX-0260,Menards,hemlock-fir 15/32x4x8 #2,Seller-style listing for hemlock-fir 15/32x4x8 #2. Intended category: Structural/framing lumber. Use normalized mapping with caution when ambiguity is low.,Hem-Fir,Hem-Fir,Structural/framing lumber,None,15/32x4x8,Hemlock-Fir,hemlock-fir,Low,No,Hem-Fir is a species combination of Western Hemlock and true firs.,public terminology + synthetic seller-style alias,https://www.wwpa.org/western-lumber/western-species/hem-fir-white-fir/; https://www.wwpa.org/resources/
LLX-0261,Lowes,WesternHemlockFir 7/16x4x8 KD,Seller-style listing for WesternHemlockFir 7/16x4x8 KD. Intended category: Structural/framing lumber. Use normalized mapping with caution when ambiguity is low.,Hem-Fir,Hem-Fir,Structural/framing lumber,None,7/16x4x8,Western Hemlock Fir,WesternHemlockFir,Low,No,Hem-Fir is a species combination of Western Hemlock and true firs.,public terminology + synthetic seller-style alias,https://www.wwpa.org/western-lumber/western-species/hem-fir-white-fir/; https://www.wwpa.org/resources/
LLX-0262,84 Lumber,Western-Hemlock-Fir 2x6x8 #2,Seller-style listing for Western-Hemlock-Fir 2x6x8 #2. Intended category: Structural/framing lumber. Use normalized mapping with caution when ambiguity is low.,Hem-Fir,Hem-Fir,Structural/framing lumber,None,2x6x8,Western Hemlock Fir,Western-Hemlock-Fir,Low,No,Hem-Fir is a species combination of Western Hemlock and true firs.,public terminology + synthetic seller-style alias,https://www.wwpa.org/western-lumber/western-species/hem-fir-white-fir/; https://www.wwpa.org/resources/
LLX-0263,Builder Supply,western hemlock fir 4x4x8 Select,Seller-style listing for western hemlock fir 4x4x8 Select. Intended category: Structural/framing lumber. Use normalized mapping with caution when ambiguity is low.,Hem-Fir,Hem-Fir,Structural/framing lumber,None,4x4x8,Western Hemlock Fir,western hemlock fir,Low,No,Hem-Fir is a species combination of Western Hemlock and true firs.,public terminology + synthetic seller-style alias,https://www.wwpa.org/western-lumber/western-species/hem-fir-white-fir/; https://www.wwpa.org/resources/
LLX-0264,Local Yard,Hem Fir KD 1 x 4 x 8 #2,Seller-style listing for Hem Fir KD 1 x 4 x 8 #2. Intended category: Structural/framing lumber. Use normalized mapping with caution when ambiguity is low.,Hem-Fir,Hem-Fir,Structural/framing lumber,None,1x4x8,Hem Fir KD,Hem Fir KD,Low,No,Hem-Fir is a species combination of Western Hemlock and true firs.,public terminology + synthetic seller-style alias,https://www.wwpa.org/western-lumber/western-species/hem-fir-white-fir/; https://www.wwpa.org/resources/
LLX-0265,Independent Lumberyard,HEM FIR KD 15/32x4x8 Select,Seller-style listing for HEM FIR KD 15/32x4x8 Select. Intended category: Structural/framing lumber. Use normalized mapping with caution when ambiguity is low.,Hem-Fir,Hem-Fir,Structural/framing lumber,None,15/32x4x8,Hem Fir KD,HEM FIR KD,Low,No,Hem-Fir is a species combination of Western Hemlock and true firs.,public terminology + synthetic seller-style alias,https://www.wwpa.org/western-lumber/western-species/hem-fir-white-fir/; https://www.wwpa.org/resources/
LLX-0266,ERP Legacy Import,HemFirKD 2x4x10 Common Lumber,Seller-style listing for HemFirKD 2x4x10 Common Lumber. Intended category: Structural/framing lumber. Use normalized mapping with caution when ambiguity is low.,Hem-Fir,Hem-Fir,Structural/framing lumber,None,2x4x10,Hem Fir KD,HemFirKD,Low,No,Hem-Fir is a species combination of Western Hemlock and true firs.,public terminology + synthetic seller-style alias,https://www.wwpa.org/western-lumber/western-species/hem-fir-white-fir/; https://www.wwpa.org/resources/
LLX-0267,Contractor Catalog,Hem-Fir#2 2x6x8 Select,Seller-style listing for Hem-Fir#2 2x6x8 Select. Intended category: Structural/framing lumber. Use normalized mapping with caution when ambiguity is low.,Hem-Fir,Hem-Fir,Structural/framing lumber,None,2x6x8,Hem-Fir #2,Hem-Fir#2,Low,No,Hem-Fir is a species combination of Western Hemlock and true firs.,public terminology + synthetic seller-style alias,https://www.wwpa.org/western-lumber/western-species/hem-fir-white-fir/; https://www.wwpa.org/resources/
LLX-0268,Vendor Price Sheet,Hem Fir #2 4x4x8 Common,Seller-style listing for Hem Fir #2 4x4x8 Common. Intended category: Structural/framing lumber. Use normalized mapping with caution when ambiguity is low.,Hem-Fir,Hem-Fir,Structural/framing lumber,None,4x4x8,Hem-Fir #2,Hem Fir #2,Low,No,Hem-Fir is a species combination of Western Hemlock and true firs.,public terminology + synthetic seller-style alias,https://www.wwpa.org/western-lumber/western-species/hem-fir-white-fir/; https://www.wwpa.org/resources/
LLX-0269,Lowes,Hem-Fir-#2 3/4x4x8 KD,Seller-style listing for Hem-Fir-#2 3/4x4x8 KD. Intended category: Structural/framing lumber. Use normalized mapping with caution when ambiguity is low.,Hem-Fir,Hem-Fir,Structural/framing lumber,None,3/4x4x8,Hem-Fir #2,Hem-Fir-#2,Low,No,Hem-Fir is a species combination of Western Hemlock and true firs.,public terminology + synthetic seller-style alias,https://www.wwpa.org/western-lumber/western-species/hem-fir-white-fir/; https://www.wwpa.org/resources/
LLX-0270,Home Depot,HEM FIR NO 2 15/32x4x8 Common,Seller-style listing for HEM FIR NO 2 15/32x4x8 Common. Intended category: Structural/framing lumber. Use normalized mapping with caution when ambiguity is low.,Hem-Fir,Hem-Fir,Structural/framing lumber,None,15/32x4x8,Hem Fir No 2,HEM FIR NO 2,Low,No,Hem-Fir is a species combination of Western Hemlock and true firs.,public terminology + synthetic seller-style alias,https://www.wwpa.org/western-lumber/western-species/hem-fir-white-fir/; https://www.wwpa.org/resources/
LLX-0271,Menards,hem fir no 2 2x4x10 KD,Seller-style listing for hem fir no 2 2x4x10 KD. Intended category: Structural/framing lumber. Use normalized mapping with caution when ambiguity is low.,Hem-Fir,Hem-Fir,Structural/framing lumber,None,2x4x10,Hem Fir No 2,hem fir no 2,Low,No,Hem-Fir is a species combination of Western Hemlock and true firs.,public terminology + synthetic seller-style alias,https://www.wwpa.org/western-lumber/western-species/hem-fir-white-fir/; https://www.wwpa.org/resources/
LLX-0272,Local Yard,Hem-Fir-No-2 2x10x12 #2,Seller-style listing for Hem-Fir-No-2 2x10x12 #2. Intended category: Structural/framing lumber. Use normalized mapping with caution when ambiguity is low.,Hem-Fir,Hem-Fir,Structural/framing lumber,None,2x10x12,Hem Fir No 2,Hem-Fir-No-2,Low,No,Hem-Fir is a species combination of Western Hemlock and true firs.,public terminology + synthetic seller-style alias,https://www.wwpa.org/western-lumber/western-species/hem-fir-white-fir/; https://www.wwpa.org/resources/
LLX-0273,84 Lumber,Hem Fir S4S 4x4x8 KD Lumber,Seller-style listing for Hem Fir S4S 4x4x8 KD Lumber. Intended category: Structural/framing lumber. Use normalized mapping with caution when ambiguity is low.,Hem-Fir,Hem-Fir,Structural/framing lumber,None,4x4x8,Hem-Fir S4S,Hem Fir S4S,Low,No,Hem-Fir is a species combination of Western Hemlock and true firs.,public terminology + synthetic seller-style alias,https://www.wwpa.org/western-lumber/western-species/hem-fir-white-fir/; https://www.wwpa.org/resources/
LLX-0274,Builder Supply,Hem-FirS4S 3/4x4x8 #2,Seller-style listing for Hem-FirS4S 3/4x4x8 #2. Intended category: Structural/framing lumber. Use normalized mapping with caution when ambiguity is low.,Hem-Fir,Hem-Fir,Structural/framing lumber,None,3/4x4x8,Hem-Fir S4S,Hem-FirS4S,Low,No,Hem-Fir is a species combination of Western Hemlock and true firs.,public terminology + synthetic seller-style alias,https://www.wwpa.org/western-lumber/western-species/hem-fir-white-fir/; https://www.wwpa.org/resources/
LLX-0275,Contractor Catalog,HEM-FIR S4S 2 x 4 x 92-5/8 Select,Seller-style listing for HEM-FIR S4S 2 x 4 x 92-5/8 Select. Intended category: Structural/framing lumber. Use normalized mapping with caution when ambiguity is low.,Hem-Fir,Hem-Fir,Structural/framing lumber,None,2x4x92-5/8,Hem-Fir S4S,HEM-FIR S4S,Low,No,Hem-Fir is a species combination of Western Hemlock and true firs.,public terminology + synthetic seller-style alias,https://www.wwpa.org/western-lumber/western-species/hem-fir-white-fir/; https://www.wwpa.org/resources/
LLX-0276,Independent Lumberyard,western red cedar 2x4x10 #2,Seller-style listing for western red cedar 2x4x10 #2. Intended category: Outdoor/appearance lumber. Use normalized mapping with caution when ambiguity is medium.,Western Red Cedar,Cedar,Outdoor/appearance lumber,None,2x4x10,Western Red Cedar,western red cedar,Medium,No,Cedar labels can be broad; Western Red Cedar is commonly abbreviated WRC.,public terminology + synthetic seller-style alias,https://www.homedepot.com/c/ab/types-of-lumber/9ba683603be9fa5395fab90567851db; https://www.lowes.com/n/buying-guide/lumber-buying-guide
LLX-0277,ERP Legacy Import,WesternRedCedar 2x10x12 Select,Seller-style listing for WesternRedCedar 2x10x12 Select. Intended category: Outdoor/appearance lumber. Use normalized mapping with caution when ambiguity is medium.,Western Red Cedar,Cedar,Outdoor/appearance lumber,None,2x10x12,Western Red Cedar,WesternRedCedar,Medium,No,Cedar labels can be broad; Western Red Cedar is commonly abbreviated WRC.,public terminology + synthetic seller-style alias,https://www.homedepot.com/c/ab/types-of-lumber/9ba683603be9fa5395fab90567851db; https://www.lowes.com/n/buying-guide/lumber-buying-guide
LLX-0278,Home Depot,Western-Red-Cedar 5/4x6x12 Common,Seller-style listing for Western-Red-Cedar 5/4x6x12 Common. Intended category: Outdoor/appearance lumber. Use normalized mapping with caution when ambiguity is medium.,Western Red Cedar,Cedar,Outdoor/appearance lumber,None,5/4x6x12,Western Red Cedar,Western-Red-Cedar,Medium,No,Cedar labels can be broad; Western Red Cedar is commonly abbreviated WRC.,public terminology + synthetic seller-style alias,https://www.homedepot.com/c/ab/types-of-lumber/9ba683603be9fa5395fab90567851db; https://www.lowes.com/n/buying-guide/lumber-buying-guide
LLX-0279,Vendor Price Sheet,WRC 3/4x4x8 Select,Seller-style listing for WRC 3/4x4x8 Select. Intended category: Outdoor/appearance lumber. Use normalized mapping with caution when ambiguity is medium.,Western Red Cedar,Cedar,Outdoor/appearance lumber,None,3/4x4x8,WRC,WRC,Medium,No,Cedar labels can be broad; Western Red Cedar is commonly abbreviated WRC.,public terminology + synthetic seller-style alias,https://www.homedepot.com/c/ab/types-of-lumber/9ba683603be9fa5395fab90567851db; https://www.lowes.com/n/buying-guide/lumber-buying-guide
LLX-0280,Lowes,wrc 2x4x92-5/8 Common Lumber,Seller-style listing for wrc 2x4x92-5/8 Common Lumber. Intended category: Outdoor/appearance lumber. Use normalized mapping with caution when ambiguity is medium.,Western Red Cedar,Cedar,Outdoor/appearance lumber,None,2x4x92-5/8,WRC,wrc,Medium,No,Cedar labels can be broad; Western Red Cedar is commonly abbreviated WRC.,public terminology + synthetic seller-style alias,https://www.homedepot.com/c/ab/types-of-lumber/9ba683603be9fa5395fab90567851db; https://www.lowes.com/n/buying-guide/lumber-buying-guide
LLX-0281,Lowes,RED CEDAR 2x6x8 Prime,Seller-style listing for RED CEDAR 2x6x8 Prime. Intended category: Outdoor/appearance lumber. Use normalized mapping with caution when ambiguity is medium.,Western Red Cedar,Cedar,Outdoor/appearance lumber,None,2x6x8,Red Cedar,RED CEDAR,Medium,No,Cedar labels can be broad; Western Red Cedar is commonly abbreviated WRC.,public terminology + synthetic seller-style alias,https://www.homedepot.com/c/ab/types-of-lumber/9ba683603be9fa5395fab90567851db; https://www.lowes.com/n/buying-guide/lumber-buying-guide
LLX-0282,84 Lumber,RedCedar 4x4x8 S4S,Seller-style listing for RedCedar 4x4x8 S4S. Intended category: Outdoor/appearance lumber. Use normalized mapping with caution when ambiguity is medium.,Western Red Cedar,Cedar,Outdoor/appearance lumber,None,4x4x8,Red Cedar,RedCedar,Medium,No,Cedar labels can be broad; Western Red Cedar is commonly abbreviated WRC.,public terminology + synthetic seller-style alias,https://www.homedepot.com/c/ab/types-of-lumber/9ba683603be9fa5395fab90567851db; https://www.lowes.com/n/buying-guide/lumber-buying-guide
LLX-0283,Builder Supply,Red Cedar 3/4x4x8 Sanded,Seller-style listing for Red Cedar 3/4x4x8 Sanded. Intended category: Outdoor/appearance lumber. Use normalized mapping with caution when ambiguity is medium.,Western Red Cedar,Cedar,Outdoor/appearance lumber,None,3/4x4x8,Red Cedar,Red Cedar,Medium,No,Cedar labels can be broad; Western Red Cedar is commonly abbreviated WRC.,public terminology + synthetic seller-style alias,https://www.homedepot.com/c/ab/types-of-lumber/9ba683603be9fa5395fab90567851db; https://www.lowes.com/n/buying-guide/lumber-buying-guide
LLX-0284,Local Yard,Cedar 15/32x4x8 S4S,Seller-style listing for Cedar 15/32x4x8 S4S. Intended category: Outdoor/appearance lumber. Use normalized mapping with caution when ambiguity is medium.,Western Red Cedar,Cedar,Outdoor/appearance lumber,None,15/32x4x8,Cedar,Cedar,Medium,No,Cedar labels can be broad; Western Red Cedar is commonly abbreviated WRC.,public terminology + synthetic seller-style alias,https://www.homedepot.com/c/ab/types-of-lumber/9ba683603be9fa5395fab90567851db; https://www.lowes.com/n/buying-guide/lumber-buying-guide
LLX-0285,Independent Lumberyard,cedar 2x4x10 Sanded,Seller-style listing for cedar 2x4x10 Sanded. Intended category: Outdoor/appearance lumber. Use normalized mapping with caution when ambiguity is medium.,Western Red Cedar,Cedar,Outdoor/appearance lumber,None,2x4x10,Cedar,cedar,Medium,No,Cedar labels can be broad; Western Red Cedar is commonly abbreviated WRC.,public terminology + synthetic seller-style alias,https://www.homedepot.com/c/ab/types-of-lumber/9ba683603be9fa5395fab90567851db; https://www.lowes.com/n/buying-guide/lumber-buying-guide
LLX-0286,ERP Legacy Import,CEDAR 2 x 10 x 12 #2&BTR,Seller-style listing for CEDAR 2 x 10 x 12 #2&BTR. Intended category: Outdoor/appearance lumber. Use normalized mapping with caution when ambiguity is medium.,Western Red Cedar,Cedar,Outdoor/appearance lumber,None,2x10x12,Cedar,CEDAR,Medium,No,Cedar labels can be broad; Western Red Cedar is commonly abbreviated WRC.,public terminology + synthetic seller-style alias,https://www.homedepot.com/c/ab/types-of-lumber/9ba683603be9fa5395fab90567851db; https://www.lowes.com/n/buying-guide/lumber-buying-guide
LLX-0287,Contractor Catalog,cedar board 4x4x8 Sanded Lumber,Seller-style listing for cedar board 4x4x8 Sanded Lumber. Intended category: Outdoor/appearance lumber. Use normalized mapping with caution when ambiguity is medium.,Western Red Cedar,Cedar,Outdoor/appearance lumber,None,4x4x8,Cedar Board,cedar board,Medium,No,Cedar labels can be broad; Western Red Cedar is commonly abbreviated WRC.,public terminology + synthetic seller-style alias,https://www.homedepot.com/c/ab/types-of-lumber/9ba683603be9fa5395fab90567851db; https://www.lowes.com/n/buying-guide/lumber-buying-guide
LLX-0288,Vendor Price Sheet,Cedar Board 3/4x4x8 #2&BTR,Seller-style listing for Cedar Board 3/4x4x8 #2&BTR. Intended category: Outdoor/appearance lumber. Use normalized mapping with caution when ambiguity is medium.,Western Red Cedar,Cedar,Outdoor/appearance lumber,None,3/4x4x8,Cedar Board,Cedar Board,Medium,No,Cedar labels can be broad; Western Red Cedar is commonly abbreviated WRC.,public terminology + synthetic seller-style alias,https://www.homedepot.com/c/ab/types-of-lumber/9ba683603be9fa5395fab90567851db; https://www.lowes.com/n/buying-guide/lumber-buying-guide
LLX-0289,Lowes,CEDAR BOARD 2x4x92-5/8 Prime,Seller-style listing for CEDAR BOARD 2x4x92-5/8 Prime. Intended category: Outdoor/appearance lumber. Use normalized mapping with caution when ambiguity is medium.,Western Red Cedar,Cedar,Outdoor/appearance lumber,None,2x4x92-5/8,Cedar Board,CEDAR BOARD,Medium,No,Cedar labels can be broad; Western Red Cedar is commonly abbreviated WRC.,public terminology + synthetic seller-style alias,https://www.homedepot.com/c/ab/types-of-lumber/9ba683603be9fa5395fab90567851db; https://www.lowes.com/n/buying-guide/lumber-buying-guide
LLX-0290,Home Depot,cedar lumber 2x4x10 #2&BTR,Seller-style listing for cedar lumber 2x4x10 #2&BTR. Intended category: Outdoor/appearance lumber. Use normalized mapping with caution when ambiguity is medium.,Western Red Cedar,Cedar,Outdoor/appearance lumber,None,2x4x10,Cedar Lumber,cedar lumber,Medium,No,Cedar labels can be broad; Western Red Cedar is commonly abbreviated WRC.,public terminology + synthetic seller-style alias,https://www.homedepot.com/c/ab/types-of-lumber/9ba683603be9fa5395fab90567851db; https://www.lowes.com/n/buying-guide/lumber-buying-guide
LLX-0291,Menards,Cedar-Lumber 2x10x12 Prime,Seller-style listing for Cedar-Lumber 2x10x12 Prime. Intended category: Outdoor/appearance lumber. Use normalized mapping with caution when ambiguity is medium.,Western Red Cedar,Cedar,Outdoor/appearance lumber,None,2x10x12,Cedar Lumber,Cedar-Lumber,Medium,No,Cedar labels can be broad; Western Red Cedar is commonly abbreviated WRC.,public terminology + synthetic seller-style alias,https://www.homedepot.com/c/ab/types-of-lumber/9ba683603be9fa5395fab90567851db; https://www.lowes.com/n/buying-guide/lumber-buying-guide
LLX-0292,Local Yard,CEDAR LUMBER 5/4x6x12 S4S,Seller-style listing for CEDAR LUMBER 5/4x6x12 S4S. Intended category: Outdoor/appearance lumber. Use normalized mapping with caution when ambiguity is medium.,Western Red Cedar,Cedar,Outdoor/appearance lumber,None,5/4x6x12,Cedar Lumber,CEDAR LUMBER,Medium,No,Cedar labels can be broad; Western Red Cedar is commonly abbreviated WRC.,public terminology + synthetic seller-style alias,https://www.homedepot.com/c/ab/types-of-lumber/9ba683603be9fa5395fab90567851db; https://www.lowes.com/n/buying-guide/lumber-buying-guide
LLX-0293,84 Lumber,cedar fence board 3/4x4x8 Prime,Seller-style listing for cedar fence board 3/4x4x8 Prime. Intended category: Outdoor/appearance lumber. Use normalized mapping with caution when ambiguity is medium.,Western Red Cedar,Cedar,Outdoor/appearance lumber,None,3/4x4x8,Cedar Fence Board,cedar fence board,Medium,No,Cedar labels can be broad; Western Red Cedar is commonly abbreviated WRC.,public terminology + synthetic seller-style alias,https://www.homedepot.com/c/ab/types-of-lumber/9ba683603be9fa5395fab90567851db; https://www.lowes.com/n/buying-guide/lumber-buying-guide
LLX-0294,Builder Supply,CEDAR FENCE BOARD 2x4x92-5/8 S4S Lumber,Seller-style listing for CEDAR FENCE BOARD 2x4x92-5/8 S4S Lumber. Intended category: Outdoor/appearance lumber. Use normalized mapping with caution when ambiguity is medium.,Western Red Cedar,Cedar,Outdoor/appearance lumber,None,2x4x92-5/8,Cedar Fence Board,CEDAR FENCE BOARD,Medium,No,Cedar labels can be broad; Western Red Cedar is commonly abbreviated WRC.,public terminology + synthetic seller-style alias,https://www.homedepot.com/c/ab/types-of-lumber/9ba683603be9fa5395fab90567851db; https://www.lowes.com/n/buying-guide/lumber-buying-guide
LLX-0295,Contractor Catalog,CedarFenceBoard 2x8x10 Sanded,Seller-style listing for CedarFenceBoard 2x8x10 Sanded. Intended category: Outdoor/appearance lumber. Use normalized mapping with caution when ambiguity is medium.,Western Red Cedar,Cedar,Outdoor/appearance lumber,None,2x8x10,Cedar Fence Board,CedarFenceBoard,Medium,No,Cedar labels can be broad; Western Red Cedar is commonly abbreviated WRC.,public terminology + synthetic seller-style alias,https://www.homedepot.com/c/ab/types-of-lumber/9ba683603be9fa5395fab90567851db; https://www.lowes.com/n/buying-guide/lumber-buying-guide
LLX-0296,Independent Lumberyard,Cedar Decking 2x10x12 S4S,Seller-style listing for Cedar Decking 2x10x12 S4S. Intended category: Outdoor/appearance lumber. Use normalized mapping with caution when ambiguity is medium.,Western Red Cedar,Cedar,Outdoor/appearance lumber,None,2x10x12,Cedar Decking,Cedar Decking,Medium,No,Cedar labels can be broad; Western Red Cedar is commonly abbreviated WRC.,public terminology + synthetic seller-style alias,https://www.homedepot.com/c/ab/types-of-lumber/9ba683603be9fa5395fab90567851db; https://www.lowes.com/n/buying-guide/lumber-buying-guide
LLX-0297,ERP Legacy Import,CEDAR DECKING 5/4 x 6 x 12 Sanded,Seller-style listing for CEDAR DECKING 5/4 x 6 x 12 Sanded. Intended category: Outdoor/appearance lumber. Use normalized mapping with caution when ambiguity is medium.,Western Red Cedar,Cedar,Outdoor/appearance lumber,None,5/4x6x12,Cedar Decking,CEDAR DECKING,Medium,No,Cedar labels can be broad; Western Red Cedar is commonly abbreviated WRC.,public terminology + synthetic seller-style alias,https://www.homedepot.com/c/ab/types-of-lumber/9ba683603be9fa5395fab90567851db; https://www.lowes.com/n/buying-guide/lumber-buying-guide
LLX-0298,Home Depot,Cedar-Decking 2x4x8 #2&BTR,Seller-style listing for Cedar-Decking 2x4x8 #2&BTR. Intended category: Outdoor/appearance lumber. Use normalized mapping with caution when ambiguity is medium.,Western Red Cedar,Cedar,Outdoor/appearance lumber,None,2x4x8,Cedar Decking,Cedar-Decking,Medium,No,Cedar labels can be broad; Western Red Cedar is commonly abbreviated WRC.,public terminology + synthetic seller-style alias,https://www.homedepot.com/c/ab/types-of-lumber/9ba683603be9fa5395fab90567851db; https://www.lowes.com/n/buying-guide/lumber-buying-guide
LLX-0299,Vendor Price Sheet,CEDAR PICKET 2x4x92-5/8 Sanded,Seller-style listing for CEDAR PICKET 2x4x92-5/8 Sanded. Intended category: Outdoor/appearance lumber. Use normalized mapping with caution when ambiguity is medium.,Western Red Cedar,Cedar,Outdoor/appearance lumber,None,2x4x92-5/8,Cedar Picket,CEDAR PICKET,Medium,No,Cedar labels can be broad; Western Red Cedar is commonly abbreviated WRC.,public terminology + synthetic seller-style alias,https://www.homedepot.com/c/ab/types-of-lumber/9ba683603be9fa5395fab90567851db; https://www.lowes.com/n/buying-guide/lumber-buying-guide
LLX-0300,Lowes,cedar picket 2x8x10 #2&BTR,Seller-style listing for cedar picket 2x8x10 #2&BTR. Intended category: Outdoor/appearance lumber. Use normalized mapping with caution when ambiguity is medium.,Western Red Cedar,Cedar,Outdoor/appearance lumber,None,2x8x10,Cedar Picket,cedar picket,Medium,No,Cedar labels can be broad; Western Red Cedar is commonly abbreviated WRC.,public terminology + synthetic seller-style alias,https://www.homedepot.com/c/ab/types-of-lumber/9ba683603be9fa5395fab90567851db; https://www.lowes.com/n/buying-guide/lumber-buying-guide
LLX-0301,84 Lumber,CedarPicket 1x6x8 Prime Lumber,Seller-style listing for CedarPicket 1x6x8 Prime Lumber. Intended category: Outdoor/appearance lumber. Use normalized mapping with caution when ambiguity is medium.,Western Red Cedar,Cedar,Outdoor/appearance lumber,None,1x6x8,Cedar Picket,CedarPicket,Medium,No,Cedar labels can be broad; Western Red Cedar is commonly abbreviated WRC.,public terminology + synthetic seller-style alias,https://www.homedepot.com/c/ab/types-of-lumber/9ba683603be9fa5395fab90567851db; https://www.lowes.com/n/buying-guide/lumber-buying-guide
LLX-0302,Menards,CEDAR 1X6 5/4x6x12 #2&BTR,Seller-style listing for CEDAR 1X6 5/4x6x12 #2&BTR. Intended category: Outdoor/appearance lumber. Use normalized mapping with caution when ambiguity is medium.,Western Red Cedar,Cedar,Outdoor/appearance lumber,None,5/4x6x12,Cedar 1x6,CEDAR 1X6,Medium,No,Cedar labels can be broad; Western Red Cedar is commonly abbreviated WRC.,public terminology + synthetic seller-style alias,https://www.homedepot.com/c/ab/types-of-lumber/9ba683603be9fa5395fab90567851db; https://www.lowes.com/n/buying-guide/lumber-buying-guide
LLX-0303,Local Yard,cedar 1x6 2x4x8 Prime,Seller-style listing for cedar 1x6 2x4x8 Prime. Intended category: Outdoor/appearance lumber. Use normalized mapping with caution when ambiguity is medium.,Western Red Cedar,Cedar,Outdoor/appearance lumber,None,2x4x8,Cedar 1x6,cedar 1x6,Medium,No,Cedar labels can be broad; Western Red Cedar is commonly abbreviated WRC.,public terminology + synthetic seller-style alias,https://www.homedepot.com/c/ab/types-of-lumber/9ba683603be9fa5395fab90567851db; https://www.lowes.com/n/buying-guide/lumber-buying-guide
LLX-0304,Independent Lumberyard,Cedar 1x6 2x6x12 S4S,Seller-style listing for Cedar 1x6 2x6x12 S4S. Intended category: Outdoor/appearance lumber. Use normalized mapping with caution when ambiguity is medium.,Western Red Cedar,Cedar,Outdoor/appearance lumber,None,2x6x12,Cedar 1x6,Cedar 1x6,Medium,No,Cedar labels can be broad; Western Red Cedar is commonly abbreviated WRC.,public terminology + synthetic seller-style alias,https://www.homedepot.com/c/ab/types-of-lumber/9ba683603be9fa5395fab90567851db; https://www.lowes.com/n/buying-guide/lumber-buying-guide
LLX-0305,Builder Supply,CEDAR S4S 2x8x10 Prime,Seller-style listing for CEDAR S4S 2x8x10 Prime. Intended category: Outdoor/appearance lumber. Use normalized mapping with caution when ambiguity is medium.,Western Red Cedar,Cedar,Outdoor/appearance lumber,None,2x8x10,Cedar S4S,CEDAR S4S,Medium,No,Cedar labels can be broad; Western Red Cedar is commonly abbreviated WRC.,public terminology + synthetic seller-style alias,https://www.homedepot.com/c/ab/types-of-lumber/9ba683603be9fa5395fab90567851db; https://www.lowes.com/n/buying-guide/lumber-buying-guide
LLX-0306,Contractor Catalog,cedar s4s 1x6x8 S4S,Seller-style listing for cedar s4s 1x6x8 S4S. Intended category: Outdoor/appearance lumber. Use normalized mapping with caution when ambiguity is medium.,Western Red Cedar,Cedar,Outdoor/appearance lumber,None,1x6x8,Cedar S4S,cedar s4s,Medium,No,Cedar labels can be broad; Western Red Cedar is commonly abbreviated WRC.,public terminology + synthetic seller-style alias,https://www.homedepot.com/c/ab/types-of-lumber/9ba683603be9fa5395fab90567851db; https://www.lowes.com/n/buying-guide/lumber-buying-guide
LLX-0307,Vendor Price Sheet,Cedar S4S 7/16x4x8 Sanded,Seller-style listing for Cedar S4S 7/16x4x8 Sanded. Intended category: Outdoor/appearance lumber. Use normalized mapping with caution when ambiguity is medium.,Western Red Cedar,Cedar,Outdoor/appearance lumber,None,7/16x4x8,Cedar S4S,Cedar S4S,Medium,No,Cedar labels can be broad; Western Red Cedar is commonly abbreviated WRC.,public terminology + synthetic seller-style alias,https://www.homedepot.com/c/ab/types-of-lumber/9ba683603be9fa5395fab90567851db; https://www.lowes.com/n/buying-guide/lumber-buying-guide
LLX-0308,ERP Legacy Import,RoughCedar 2 x 4 x 8 S4S Lumber,Seller-style listing for RoughCedar 2 x 4 x 8 S4S Lumber. Intended category: Outdoor/appearance lumber. Use normalized mapping with caution when ambiguity is medium.,Western Red Cedar,Cedar,Outdoor/appearance lumber,None,2x4x8,Rough Cedar,RoughCedar,Medium,No,Cedar labels can be broad; Western Red Cedar is commonly abbreviated WRC.,public terminology + synthetic seller-style alias,https://www.homedepot.com/c/ab/types-of-lumber/9ba683603be9fa5395fab90567851db; https://www.lowes.com/n/buying-guide/lumber-buying-guide
LLX-0309,Home Depot,ROUGH CEDAR 2x6x12 Sanded,Seller-style listing for ROUGH CEDAR 2x6x12 Sanded. Intended category: Outdoor/appearance lumber. Use normalized mapping with caution when ambiguity is medium.,Western Red Cedar,Cedar,Outdoor/appearance lumber,None,2x6x12,Rough Cedar,ROUGH CEDAR,Medium,No,Cedar labels can be broad; Western Red Cedar is commonly abbreviated WRC.,public terminology + synthetic seller-style alias,https://www.homedepot.com/c/ab/types-of-lumber/9ba683603be9fa5395fab90567851db; https://www.lowes.com/n/buying-guide/lumber-buying-guide
LLX-0310,Menards,Rough Cedar 1x4x8 #2&BTR,Seller-style listing for Rough Cedar 1x4x8 #2&BTR. Intended category: Outdoor/appearance lumber. Use normalized mapping with caution when ambiguity is medium.,Western Red Cedar,Cedar,Outdoor/appearance lumber,None,1x4x8,Rough Cedar,Rough Cedar,Medium,No,Cedar labels can be broad; Western Red Cedar is commonly abbreviated WRC.,public terminology + synthetic seller-style alias,https://www.homedepot.com/c/ab/types-of-lumber/9ba683603be9fa5395fab90567851db; https://www.lowes.com/n/buying-guide/lumber-buying-guide
LLX-0311,Lowes,APPEARANCE CEDAR 1x6x8 Sanded,Seller-style listing for APPEARANCE CEDAR 1x6x8 Sanded. Intended category: Outdoor/appearance lumber. Use normalized mapping with caution when ambiguity is medium.,Western Red Cedar,Cedar,Outdoor/appearance lumber,None,1x6x8,Appearance Cedar,APPEARANCE CEDAR,Medium,No,Cedar labels can be broad; Western Red Cedar is commonly abbreviated WRC.,public terminology + synthetic seller-style alias,https://www.homedepot.com/c/ab/types-of-lumber/9ba683603be9fa5395fab90567851db; https://www.lowes.com/n/buying-guide/lumber-buying-guide
LLX-0312,84 Lumber,AppearanceCedar 7/16x4x8 #2&BTR,Seller-style listing for AppearanceCedar 7/16x4x8 #2&BTR. Intended category: Outdoor/appearance lumber. Use normalized mapping with caution when ambiguity is medium.,Western Red Cedar,Cedar,Outdoor/appearance lumber,None,7/16x4x8,Appearance Cedar,AppearanceCedar,Medium,No,Cedar labels can be broad; Western Red Cedar is commonly abbreviated WRC.,public terminology + synthetic seller-style alias,https://www.homedepot.com/c/ab/types-of-lumber/9ba683603be9fa5395fab90567851db; https://www.lowes.com/n/buying-guide/lumber-buying-guide
LLX-0313,Builder Supply,appearance cedar 2x6x8 Prime,Seller-style listing for appearance cedar 2x6x8 Prime. Intended category: Outdoor/appearance lumber. Use normalized mapping with caution when ambiguity is medium.,Western Red Cedar,Cedar,Outdoor/appearance lumber,None,2x6x8,Appearance Cedar,appearance cedar,Medium,No,Cedar labels can be broad; Western Red Cedar is commonly abbreviated WRC.,public terminology + synthetic seller-style alias,https://www.homedepot.com/c/ab/types-of-lumber/9ba683603be9fa5395fab90567851db; https://www.lowes.com/n/buying-guide/lumber-buying-guide
LLX-0314,Local Yard,w red cedar 2x6x12 #2&BTR,Seller-style listing for w red cedar 2x6x12 #2&BTR. Intended category: Outdoor/appearance lumber. Use normalized mapping with caution when ambiguity is medium.,Western Red Cedar,Cedar,Outdoor/appearance lumber,None,2x6x12,W Red Cedar,w red cedar,Medium,No,Cedar labels can be broad; Western Red Cedar is commonly abbreviated WRC.,public terminology + synthetic seller-style alias,https://www.homedepot.com/c/ab/types-of-lumber/9ba683603be9fa5395fab90567851db; https://www.lowes.com/n/buying-guide/lumber-buying-guide
LLX-0315,Independent Lumberyard,W Red Cedar 1x4x8 Prime Lumber,Seller-style listing for W Red Cedar 1x4x8 Prime Lumber. Intended category: Outdoor/appearance lumber. Use normalized mapping with caution when ambiguity is medium.,Western Red Cedar,Cedar,Outdoor/appearance lumber,None,1x4x8,W Red Cedar,W Red Cedar,Medium,No,Cedar labels can be broad; Western Red Cedar is commonly abbreviated WRC.,public terminology + synthetic seller-style alias,https://www.homedepot.com/c/ab/types-of-lumber/9ba683603be9fa5395fab90567851db; https://www.lowes.com/n/buying-guide/lumber-buying-guide
LLX-0316,ERP Legacy Import,W RED CEDAR 15/32x4x8 S4S,Seller-style listing for W RED CEDAR 15/32x4x8 S4S. Intended category: Outdoor/appearance lumber. Use normalized mapping with caution when ambiguity is medium.,Western Red Cedar,Cedar,Outdoor/appearance lumber,None,15/32x4x8,W Red Cedar,W RED CEDAR,Medium,No,Cedar labels can be broad; Western Red Cedar is commonly abbreviated WRC.,public terminology + synthetic seller-style alias,https://www.homedepot.com/c/ab/types-of-lumber/9ba683603be9fa5395fab90567851db; https://www.lowes.com/n/buying-guide/lumber-buying-guide
LLX-0317,Contractor Catalog,Western-Cedar 7/16x4x8 Prime,Seller-style listing for Western-Cedar 7/16x4x8 Prime. Intended category: Outdoor/appearance lumber. Use normalized mapping with caution when ambiguity is medium.,Western Red Cedar,Cedar,Outdoor/appearance lumber,None,7/16x4x8,Western Cedar,Western-Cedar,Medium,No,Cedar labels can be broad; Western Red Cedar is commonly abbreviated WRC.,public terminology + synthetic seller-style alias,https://www.homedepot.com/c/ab/types-of-lumber/9ba683603be9fa5395fab90567851db; https://www.lowes.com/n/buying-guide/lumber-buying-guide
LLX-0318,Vendor Price Sheet,WesternCedar 2x6x8 S4S,Seller-style listing for WesternCedar 2x6x8 S4S. Intended category: Outdoor/appearance lumber. Use normalized mapping with caution when ambiguity is medium.,Western Red Cedar,Cedar,Outdoor/appearance lumber,None,2x6x8,Western Cedar,WesternCedar,Medium,No,Cedar labels can be broad; Western Red Cedar is commonly abbreviated WRC.,public terminology + synthetic seller-style alias,https://www.homedepot.com/c/ab/types-of-lumber/9ba683603be9fa5395fab90567851db; https://www.lowes.com/n/buying-guide/lumber-buying-guide
LLX-0319,Lowes,western cedar 4 x 4 x 8 Sanded,Seller-style listing for western cedar 4 x 4 x 8 Sanded. Intended category: Outdoor/appearance lumber. Use normalized mapping with caution when ambiguity is medium.,Western Red Cedar,Cedar,Outdoor/appearance lumber,None,4x4x8,Western Cedar,western cedar,Medium,No,Cedar labels can be broad; Western Red Cedar is commonly abbreviated WRC.,public terminology + synthetic seller-style alias,https://www.homedepot.com/c/ab/types-of-lumber/9ba683603be9fa5395fab90567851db; https://www.lowes.com/n/buying-guide/lumber-buying-guide
LLX-0320,Home Depot,Ponderosa-Pine 1x4x8 S4S,Seller-style listing for Ponderosa-Pine 1x4x8 S4S. Intended category: Appearance/common board. Use normalized mapping with caution when ambiguity is medium.,Ponderosa Pine,Pine,Appearance/common board,None,1x4x8,Ponderosa Pine,Ponderosa-Pine,Medium,No,Retailers may label pine boards broadly as pine/common board; exact pine species may not be explicit.,public terminology + synthetic seller-style alias,https://www.homedepot.com/c/ab/types-of-lumber/9ba683603be9fa5395fab90567851db; https://www.lowes.com/n/buying-guide/lumber-buying-guide
LLX-0321,Menards,Ponderosa Pine 15/32x4x8 Sanded,Seller-style listing for Ponderosa Pine 15/32x4x8 Sanded. Intended category: Appearance/common board. Use normalized mapping with caution when ambiguity is medium.,Ponderosa Pine,Pine,Appearance/common board,None,15/32x4x8,Ponderosa Pine,Ponderosa Pine,Medium,No,Retailers may label pine boards broadly as pine/common board; exact pine species may not be explicit.,public terminology + synthetic seller-style alias,https://www.homedepot.com/c/ab/types-of-lumber/9ba683603be9fa5395fab90567851db; https://www.lowes.com/n/buying-guide/lumber-buying-guide
LLX-0322,Local Yard,PonderosaPine 2x4x10 #2&BTR Lumber,Seller-style listing for PonderosaPine 2x4x10 #2&BTR Lumber. Intended category: Appearance/common board. Use normalized mapping with caution when ambiguity is medium.,Ponderosa Pine,Pine,Appearance/common board,None,2x4x10,Ponderosa Pine,PonderosaPine,Medium,No,Retailers may label pine boards broadly as pine/common board; exact pine species may not be explicit.,public terminology + synthetic seller-style alias,https://www.homedepot.com/c/ab/types-of-lumber/9ba683603be9fa5395fab90567851db; https://www.lowes.com/n/buying-guide/lumber-buying-guide
LLX-0323,84 Lumber,Pine 2x6x8 Sanded,Seller-style listing for Pine 2x6x8 Sanded. Intended category: Appearance/common board. Use normalized mapping with caution when ambiguity is medium.,Ponderosa Pine,Pine,Appearance/common board,None,2x6x8,Pine,Pine,Medium,No,Retailers may label pine boards broadly as pine/common board; exact pine species may not be explicit.,public terminology + synthetic seller-style alias,https://www.homedepot.com/c/ab/types-of-lumber/9ba683603be9fa5395fab90567851db; https://www.lowes.com/n/buying-guide/lumber-buying-guide
LLX-0324,Builder Supply,pine 4x4x8 #2&BTR,Seller-style listing for pine 4x4x8 #2&BTR. Intended category: Appearance/common board. Use normalized mapping with caution when ambiguity is medium.,Ponderosa Pine,Pine,Appearance/common board,None,4x4x8,Pine,pine,Medium,No,Retailers may label pine boards broadly as pine/common board; exact pine species may not be explicit.,public terminology + synthetic seller-style alias,https://www.homedepot.com/c/ab/types-of-lumber/9ba683603be9fa5395fab90567851db; https://www.lowes.com/n/buying-guide/lumber-buying-guide
LLX-0325,Contractor Catalog,PINE 3/4x4x8 Prime,Seller-style listing for PINE 3/4x4x8 Prime. Intended category: Appearance/common board. Use normalized mapping with caution when ambiguity is medium.,Ponderosa Pine,Pine,Appearance/common board,None,3/4x4x8,Pine,PINE,Medium,No,Retailers may label pine boards broadly as pine/common board; exact pine species may not be explicit.,public terminology + synthetic seller-style alias,https://www.homedepot.com/c/ab/types-of-lumber/9ba683603be9fa5395fab90567851db; https://www.lowes.com/n/buying-guide/lumber-buying-guide
LLX-0326,Independent Lumberyard,COMMON PINE 15/32x4x8 #2&BTR,Seller-style listing for COMMON PINE 15/32x4x8 #2&BTR. Intended category: Appearance/common board. Use normalized mapping with caution when ambiguity is medium.,Ponderosa Pine,Pine,Appearance/common board,None,15/32x4x8,Common Pine,COMMON PINE,Medium,No,Retailers may label pine boards broadly as pine/common board; exact pine species may not be explicit.,public terminology + synthetic seller-style alias,https://www.homedepot.com/c/ab/types-of-lumber/9ba683603be9fa5395fab90567851db; https://www.lowes.com/n/buying-guide/lumber-buying-guide
LLX-0327,ERP Legacy Import,common pine 2x4x10 Prime,Seller-style listing for common pine 2x4x10 Prime. Intended category: Appearance/common board. Use normalized mapping with caution when ambiguity is medium.,Ponderosa Pine,Pine,Appearance/common board,None,2x4x10,Common Pine,common pine,Medium,No,Retailers may label pine boards broadly as pine/common board; exact pine species may not be explicit.,public terminology + synthetic seller-style alias,https://www.homedepot.com/c/ab/types-of-lumber/9ba683603be9fa5395fab90567851db; https://www.lowes.com/n/buying-guide/lumber-buying-guide
LLX-0328,Home Depot,Common-Pine 2x10x12 S4S,Seller-style listing for Common-Pine 2x10x12 S4S. Intended category: Appearance/common board. Use normalized mapping with caution when ambiguity is medium.,Ponderosa Pine,Pine,Appearance/common board,None,2x10x12,Common Pine,Common-Pine,Medium,No,Retailers may label pine boards broadly as pine/common board; exact pine species may not be explicit.,public terminology + synthetic seller-style alias,https://www.homedepot.com/c/ab/types-of-lumber/9ba683603be9fa5395fab90567851db; https://www.lowes.com/n/buying-guide/lumber-buying-guide
LLX-0329,Vendor Price Sheet,PINE BOARD 4x4x8 Prime Lumber,Seller-style listing for PINE BOARD 4x4x8 Prime Lumber. Intended category: Appearance/common board. Use normalized mapping with caution when ambiguity is medium.,Ponderosa Pine,Pine,Appearance/common board,None,4x4x8,Pine Board,PINE BOARD,Medium,No,Retailers may label pine boards broadly as pine/common board; exact pine species may not be explicit.,public terminology + synthetic seller-style alias,https://www.homedepot.com/c/ab/types-of-lumber/9ba683603be9fa5395fab90567851db; https://www.lowes.com/n/buying-guide/lumber-buying-guide
LLX-0330,Lowes,Pine Board 3/4 x 4 x 8 S4S,Seller-style listing for Pine Board 3/4 x 4 x 8 S4S. Intended category: Appearance/common board. Use normalized mapping with caution when ambiguity is medium.,Ponderosa Pine,Pine,Appearance/common board,None,3/4x4x8,Pine Board,Pine Board,Medium,No,Retailers may label pine boards broadly as pine/common board; exact pine species may not be explicit.,public terminology + synthetic seller-style alias,https://www.homedepot.com/c/ab/types-of-lumber/9ba683603be9fa5395fab90567851db; https://www.lowes.com/n/buying-guide/lumber-buying-guide
LLX-0331,84 Lumber,Pine-Board 2x4x92-5/8 Sanded,Seller-style listing for Pine-Board 2x4x92-5/8 Sanded. Intended category: Appearance/common board. Use normalized mapping with caution when ambiguity is medium.,Ponderosa Pine,Pine,Appearance/common board,None,2x4x92-5/8,Pine Board,Pine-Board,Medium,No,Retailers may label pine boards broadly as pine/common board; exact pine species may not be explicit.,public terminology + synthetic seller-style alias,https://www.homedepot.com/c/ab/types-of-lumber/9ba683603be9fa5395fab90567851db; https://www.lowes.com/n/buying-guide/lumber-buying-guide
LLX-0332,Menards,PINE COMMON BOARD 2x4x10 S4S,Seller-style listing for PINE COMMON BOARD 2x4x10 S4S. Intended category: Appearance/common board. Use normalized mapping with caution when ambiguity is medium.,Ponderosa Pine,Pine,Appearance/common board,None,2x4x10,Pine Common Board,PINE COMMON BOARD,Medium,No,Retailers may label pine boards broadly as pine/common board; exact pine species may not be explicit.,public terminology + synthetic seller-style alias,https://www.homedepot.com/c/ab/types-of-lumber/9ba683603be9fa5395fab90567851db; https://www.lowes.com/n/buying-guide/lumber-buying-guide
LLX-0333,Local Yard,PineCommonBoard 2x10x12 Sanded,Seller-style listing for PineCommonBoard 2x10x12 Sanded. Intended category: Appearance/common board. Use normalized mapping with caution when ambiguity is medium.,Ponderosa Pine,Pine,Appearance/common board,None,2x10x12,Pine Common Board,PineCommonBoard,Medium,No,Retailers may label pine boards broadly as pine/common board; exact pine species may not be explicit.,public terminology + synthetic seller-style alias,https://www.homedepot.com/c/ab/types-of-lumber/9ba683603be9fa5395fab90567851db; https://www.lowes.com/n/buying-guide/lumber-buying-guide
LLX-0334,Independent Lumberyard,Pine Common Board 5/4x6x12 #2&BTR,Seller-style listing for Pine Common Board 5/4x6x12 #2&BTR. Intended category: Appearance/common board. Use normalized mapping with caution when ambiguity is medium.,Ponderosa Pine,Pine,Appearance/common board,None,5/4x6x12,Pine Common Board,Pine Common Board,Medium,No,Retailers may label pine boards broadly as pine/common board; exact pine species may not be explicit.,public terminology + synthetic seller-style alias,https://www.homedepot.com/c/ab/types-of-lumber/9ba683603be9fa5395fab90567851db; https://www.lowes.com/n/buying-guide/lumber-buying-guide
LLX-0335,Builder Supply,PPine 3/4x4x8 Sanded,Seller-style listing for PPine 3/4x4x8 Sanded. Intended category: Appearance/common board. Use normalized mapping with caution when ambiguity is medium.,Ponderosa Pine,Pine,Appearance/common board,None,3/4x4x8,PPine,PPine,Medium,No,Retailers may label pine boards broadly as pine/common board; exact pine species may not be explicit.,public terminology + synthetic seller-style alias,https://www.homedepot.com/c/ab/types-of-lumber/9ba683603be9fa5395fab90567851db; https://www.lowes.com/n/buying-guide/lumber-buying-guide
LLX-0336,Contractor Catalog,ppine 2x4x92-5/8 #2&BTR Lumber,Seller-style listing for ppine 2x4x92-5/8 #2&BTR Lumber. Intended category: Appearance/common board. Use normalized mapping with caution when ambiguity is medium.,Ponderosa Pine,Pine,Appearance/common board,None,2x4x92-5/8,PPine,ppine,Medium,No,Retailers may label pine boards broadly as pine/common board; exact pine species may not be explicit.,public terminology + synthetic seller-style alias,https://www.homedepot.com/c/ab/types-of-lumber/9ba683603be9fa5395fab90567851db; https://www.lowes.com/n/buying-guide/lumber-buying-guide
LLX-0337,Vendor Price Sheet,PPINE 2x8x10 Prime,Seller-style listing for PPINE 2x8x10 Prime. Intended category: Appearance/common board. Use normalized mapping with caution when ambiguity is medium.,Ponderosa Pine,Pine,Appearance/common board,None,2x8x10,PPine,PPINE,Medium,No,Retailers may label pine boards broadly as pine/common board; exact pine species may not be explicit.,public terminology + synthetic seller-style alias,https://www.homedepot.com/c/ab/types-of-lumber/9ba683603be9fa5395fab90567851db; https://www.lowes.com/n/buying-guide/lumber-buying-guide
LLX-0338,ERP Legacy Import,Pond-Pine 2x10x12 #2&BTR,Seller-style listing for Pond-Pine 2x10x12 #2&BTR. Intended category: Appearance/common board. Use normalized mapping with caution when ambiguity is medium.,Ponderosa Pine,Pine,Appearance/common board,None,2x10x12,Pond Pine,Pond-Pine,Medium,No,Retailers may label pine boards broadly as pine/common board; exact pine species may not be explicit.,public terminology + synthetic seller-style alias,https://www.homedepot.com/c/ab/types-of-lumber/9ba683603be9fa5395fab90567851db; https://www.lowes.com/n/buying-guide/lumber-buying-guide
LLX-0339,Home Depot,Pond Pine 5/4x6x12 Prime,Seller-style listing for Pond Pine 5/4x6x12 Prime. Intended category: Appearance/common board. Use normalized mapping with caution when ambiguity is medium.,Ponderosa Pine,Pine,Appearance/common board,None,5/4x6x12,Pond Pine,Pond Pine,Medium,No,Retailers may label pine boards broadly as pine/common board; exact pine species may not be explicit.,public terminology + synthetic seller-style alias,https://www.homedepot.com/c/ab/types-of-lumber/9ba683603be9fa5395fab90567851db; https://www.lowes.com/n/buying-guide/lumber-buying-guide
LLX-0340,Menards,PondPine 2x4x8 S4S,Seller-style listing for PondPine 2x4x8 S4S. Intended category: Appearance/common board. Use normalized mapping with caution when ambiguity is medium.,Ponderosa Pine,Pine,Appearance/common board,None,2x4x8,Pond Pine,PondPine,Medium,No,Retailers may label pine boards broadly as pine/common board; exact pine species may not be explicit.,public terminology + synthetic seller-style alias,https://www.homedepot.com/c/ab/types-of-lumber/9ba683603be9fa5395fab90567851db; https://www.lowes.com/n/buying-guide/lumber-buying-guide
LLX-0341,Lowes,PONDEROSA 2 x 4 x 92-5/8 Prime,Seller-style listing for PONDEROSA 2 x 4 x 92-5/8 Prime. Intended category: Appearance/common board. Use normalized mapping with caution when ambiguity is medium.,Ponderosa Pine,Pine,Appearance/common board,None,2x4x92-5/8,Ponderosa,PONDEROSA,Medium,No,Retailers may label pine boards broadly as pine/common board; exact pine species may not be explicit.,public terminology + synthetic seller-style alias,https://www.homedepot.com/c/ab/types-of-lumber/9ba683603be9fa5395fab90567851db; https://www.lowes.com/n/buying-guide/lumber-buying-guide
LLX-0342,84 Lumber,Ponderosa 2x8x10 S4S,Seller-style listing for Ponderosa 2x8x10 S4S. Intended category: Appearance/common board. Use normalized mapping with caution when ambiguity is medium.,Ponderosa Pine,Pine,Appearance/common board,None,2x8x10,Ponderosa,Ponderosa,Medium,No,Retailers may label pine boards broadly as pine/common board; exact pine species may not be explicit.,public terminology + synthetic seller-style alias,https://www.homedepot.com/c/ab/types-of-lumber/9ba683603be9fa5395fab90567851db; https://www.lowes.com/n/buying-guide/lumber-buying-guide
LLX-0343,Builder Supply,ponderosa 1x6x8 Sanded Lumber,Seller-style listing for ponderosa 1x6x8 Sanded Lumber. Intended category: Appearance/common board. Use normalized mapping with caution when ambiguity is medium.,Ponderosa Pine,Pine,Appearance/common board,None,1x6x8,Ponderosa,ponderosa,Medium,No,Retailers may label pine boards broadly as pine/common board; exact pine species may not be explicit.,public terminology + synthetic seller-style alias,https://www.homedepot.com/c/ab/types-of-lumber/9ba683603be9fa5395fab90567851db; https://www.lowes.com/n/buying-guide/lumber-buying-guide
LLX-0344,Local Yard,Select-Pine 5/4x6x12 S4S,Seller-style listing for Select-Pine 5/4x6x12 S4S. Intended category: Appearance/common board. Use normalized mapping with caution when ambiguity is medium.,Ponderosa Pine,Pine,Appearance/common board,None,5/4x6x12,Select Pine,Select-Pine,Medium,No,Retailers may label pine boards broadly as pine/common board; exact pine species may not be explicit.,public terminology + synthetic seller-style alias,https://www.homedepot.com/c/ab/types-of-lumber/9ba683603be9fa5395fab90567851db; https://www.lowes.com/n/buying-guide/lumber-buying-guide
LLX-0345,Independent Lumberyard,select pine 2x4x8 Sanded,Seller-style listing for select pine 2x4x8 Sanded. Intended category: Appearance/common board. Use normalized mapping with caution when ambiguity is medium.,Ponderosa Pine,Pine,Appearance/common board,None,2x4x8,Select Pine,select pine,Medium,No,Retailers may label pine boards broadly as pine/common board; exact pine species may not be explicit.,public terminology + synthetic seller-style alias,https://www.homedepot.com/c/ab/types-of-lumber/9ba683603be9fa5395fab90567851db; https://www.lowes.com/n/buying-guide/lumber-buying-guide
LLX-0346,ERP Legacy Import,SELECT PINE 2x6x12 #2&BTR,Seller-style listing for SELECT PINE 2x6x12 #2&BTR. Intended category: Appearance/common board. Use normalized mapping with caution when ambiguity is medium.,Ponderosa Pine,Pine,Appearance/common board,None,2x6x12,Select Pine,SELECT PINE,Medium,No,Retailers may label pine boards broadly as pine/common board; exact pine species may not be explicit.,public terminology + synthetic seller-style alias,https://www.homedepot.com/c/ab/types-of-lumber/9ba683603be9fa5395fab90567851db; https://www.lowes.com/n/buying-guide/lumber-buying-guide
LLX-0347,Contractor Catalog,Appearance-Pine 2x8x10 Sanded,Seller-style listing for Appearance-Pine 2x8x10 Sanded. Intended category: Appearance/common board. Use normalized mapping with caution when ambiguity is medium.,Ponderosa Pine,Pine,Appearance/common board,None,2x8x10,Appearance Pine,Appearance-Pine,Medium,No,Retailers may label pine boards broadly as pine/common board; exact pine species may not be explicit.,public terminology + synthetic seller-style alias,https://www.homedepot.com/c/ab/types-of-lumber/9ba683603be9fa5395fab90567851db; https://www.lowes.com/n/buying-guide/lumber-buying-guide
LLX-0348,Vendor Price Sheet,APPEARANCE PINE 1x6x8 #2&BTR,Seller-style listing for APPEARANCE PINE 1x6x8 #2&BTR. Intended category: Appearance/common board. Use normalized mapping with caution when ambiguity is medium.,Ponderosa Pine,Pine,Appearance/common board,None,1x6x8,Appearance Pine,APPEARANCE PINE,Medium,No,Retailers may label pine boards broadly as pine/common board; exact pine species may not be explicit.,public terminology + synthetic seller-style alias,https://www.homedepot.com/c/ab/types-of-lumber/9ba683603be9fa5395fab90567851db; https://www.lowes.com/n/buying-guide/lumber-buying-guide
LLX-0349,Lowes,Appearance Pine 7/16x4x8 Prime,Seller-style listing for Appearance Pine 7/16x4x8 Prime. Intended category: Appearance/common board. Use normalized mapping with caution when ambiguity is medium.,Ponderosa Pine,Pine,Appearance/common board,None,7/16x4x8,Appearance Pine,Appearance Pine,Medium,No,Retailers may label pine boards broadly as pine/common board; exact pine species may not be explicit.,public terminology + synthetic seller-style alias,https://www.homedepot.com/c/ab/types-of-lumber/9ba683603be9fa5395fab90567851db; https://www.lowes.com/n/buying-guide/lumber-buying-guide
LLX-0350,Home Depot,PineS4S 2x4x8 #2&BTR Lumber,Seller-style listing for PineS4S 2x4x8 #2&BTR Lumber. Intended category: Appearance/common board. Use normalized mapping with caution when ambiguity is medium.,Ponderosa Pine,Pine,Appearance/common board,None,2x4x8,Pine S4S,PineS4S,Medium,No,Retailers may label pine boards broadly as pine/common board; exact pine species may not be explicit.,public terminology + synthetic seller-style alias,https://www.homedepot.com/c/ab/types-of-lumber/9ba683603be9fa5395fab90567851db; https://www.lowes.com/n/buying-guide/lumber-buying-guide
LLX-0351,Menards,PINE S4S 2x6x12 Prime,Seller-style listing for PINE S4S 2x6x12 Prime. Intended category: Appearance/common board. Use normalized mapping with caution when ambiguity is medium.,Ponderosa Pine,Pine,Appearance/common board,None,2x6x12,Pine S4S,PINE S4S,Medium,No,Retailers may label pine boards broadly as pine/common board; exact pine species may not be explicit.,public terminology + synthetic seller-style alias,https://www.homedepot.com/c/ab/types-of-lumber/9ba683603be9fa5395fab90567851db; https://www.lowes.com/n/buying-guide/lumber-buying-guide
LLX-0352,Local Yard,Pine-S4S 1 x 4 x 8 S4S,Seller-style listing for Pine-S4S 1 x 4 x 8 S4S. Intended category: Appearance/common board. Use normalized mapping with caution when ambiguity is medium.,Ponderosa Pine,Pine,Appearance/common board,None,1x4x8,Pine S4S,Pine-S4S,Medium,No,Retailers may label pine boards broadly as pine/common board; exact pine species may not be explicit.,public terminology + synthetic seller-style alias,https://www.homedepot.com/c/ab/types-of-lumber/9ba683603be9fa5395fab90567851db; https://www.lowes.com/n/buying-guide/lumber-buying-guide
LLX-0353,84 Lumber,Knotty-Pine 1x6x8 Prime,Seller-style listing for Knotty-Pine 1x6x8 Prime. Intended category: Appearance/common board. Use normalized mapping with caution when ambiguity is medium.,Ponderosa Pine,Pine,Appearance/common board,None,1x6x8,Knotty Pine,Knotty-Pine,Medium,No,Retailers may label pine boards broadly as pine/common board; exact pine species may not be explicit.,public terminology + synthetic seller-style alias,https://www.homedepot.com/c/ab/types-of-lumber/9ba683603be9fa5395fab90567851db; https://www.lowes.com/n/buying-guide/lumber-buying-guide
LLX-0354,Builder Supply,Knotty Pine 7/16x4x8 S4S,Seller-style listing for Knotty Pine 7/16x4x8 S4S. Intended category: Appearance/common board. Use normalized mapping with caution when ambiguity is medium.,Ponderosa Pine,Pine,Appearance/common board,None,7/16x4x8,Knotty Pine,Knotty Pine,Medium,No,Retailers may label pine boards broadly as pine/common board; exact pine species may not be explicit.,public terminology + synthetic seller-style alias,https://www.homedepot.com/c/ab/types-of-lumber/9ba683603be9fa5395fab90567851db; https://www.lowes.com/n/buying-guide/lumber-buying-guide
LLX-0355,Contractor Catalog,knotty pine 2x6x8 Sanded,Seller-style listing for knotty pine 2x6x8 Sanded. Intended category: Appearance/common board. Use normalized mapping with caution when ambiguity is medium.,Ponderosa Pine,Pine,Appearance/common board,None,2x6x8,Knotty Pine,knotty pine,Medium,No,Retailers may label pine boards broadly as pine/common board; exact pine species may not be explicit.,public terminology + synthetic seller-style alias,https://www.homedepot.com/c/ab/types-of-lumber/9ba683603be9fa5395fab90567851db; https://www.lowes.com/n/buying-guide/lumber-buying-guide
LLX-0356,Independent Lumberyard,PineShelving 2x6x12 S4S,Seller-style listing for PineShelving 2x6x12 S4S. Intended category: Appearance/common board. Use normalized mapping with caution when ambiguity is medium.,Ponderosa Pine,Pine,Appearance/common board,None,2x6x12,Pine Shelving,PineShelving,Medium,No,Retailers may label pine boards broadly as pine/common board; exact pine species may not be explicit.,public terminology + synthetic seller-style alias,https://www.homedepot.com/c/ab/types-of-lumber/9ba683603be9fa5395fab90567851db; https://www.lowes.com/n/buying-guide/lumber-buying-guide
LLX-0357,ERP Legacy Import,Pine-Shelving 1x4x8 Sanded Lumber,Seller-style listing for Pine-Shelving 1x4x8 Sanded Lumber. Intended category: Appearance/common board. Use normalized mapping with caution when ambiguity is medium.,Ponderosa Pine,Pine,Appearance/common board,None,1x4x8,Pine Shelving,Pine-Shelving,Medium,No,Retailers may label pine boards broadly as pine/common board; exact pine species may not be explicit.,public terminology + synthetic seller-style alias,https://www.homedepot.com/c/ab/types-of-lumber/9ba683603be9fa5395fab90567851db; https://www.lowes.com/n/buying-guide/lumber-buying-guide
LLX-0358,Home Depot,Pine Shelving 15/32x4x8 #2&BTR,Seller-style listing for Pine Shelving 15/32x4x8 #2&BTR. Intended category: Appearance/common board. Use normalized mapping with caution when ambiguity is medium.,Ponderosa Pine,Pine,Appearance/common board,None,15/32x4x8,Pine Shelving,Pine Shelving,Medium,No,Retailers may label pine boards broadly as pine/common board; exact pine species may not be explicit.,public terminology + synthetic seller-style alias,https://www.homedepot.com/c/ab/types-of-lumber/9ba683603be9fa5395fab90567851db; https://www.lowes.com/n/buying-guide/lumber-buying-guide
LLX-0359,Vendor Price Sheet,PINE PROJECT BOARD 7/16x4x8 Sanded,Seller-style listing for PINE PROJECT BOARD 7/16x4x8 Sanded. Intended category: Appearance/common board. Use normalized mapping with caution when ambiguity is medium.,Ponderosa Pine,Pine,Appearance/common board,None,7/16x4x8,Pine Project Board,PINE PROJECT BOARD,Medium,No,Retailers may label pine boards broadly as pine/common board; exact pine species may not be explicit.,public terminology + synthetic seller-style alias,https://www.homedepot.com/c/ab/types-of-lumber/9ba683603be9fa5395fab90567851db; https://www.lowes.com/n/buying-guide/lumber-buying-guide
LLX-0360,Lowes,PineProjectBoard 2x6x8 #2&BTR,Seller-style listing for PineProjectBoard 2x6x8 #2&BTR. Intended category: Appearance/common board. Use normalized mapping with caution when ambiguity is medium.,Ponderosa Pine,Pine,Appearance/common board,None,2x6x8,Pine Project Board,PineProjectBoard,Medium,No,Retailers may label pine boards broadly as pine/common board; exact pine species may not be explicit.,public terminology + synthetic seller-style alias,https://www.homedepot.com/c/ab/types-of-lumber/9ba683603be9fa5395fab90567851db; https://www.lowes.com/n/buying-guide/lumber-buying-guide
LLX-0361,84 Lumber,Pine Project Board 4x4x8 Prime,Seller-style listing for Pine Project Board 4x4x8 Prime. Intended category: Appearance/common board. Use normalized mapping with caution when ambiguity is medium.,Ponderosa Pine,Pine,Appearance/common board,None,4x4x8,Pine Project Board,Pine Project Board,Medium,No,Retailers may label pine boards broadly as pine/common board; exact pine species may not be explicit.,public terminology + synthetic seller-style alias,https://www.homedepot.com/c/ab/types-of-lumber/9ba683603be9fa5395fab90567851db; https://www.lowes.com/n/buying-guide/lumber-buying-guide
LLX-0362,Menards,WhitePine 1x4x8 #2&BTR,Seller-style listing for WhitePine 1x4x8 #2&BTR. Intended category: Appearance/common board. Use normalized mapping with caution when ambiguity is medium.,White Pine,Pine,Appearance/common board,None,1x4x8,White Pine,WhitePine,Medium,No,White pine may be sold as pine/common board/appearance board; not the same as whitewood.,public terminology + synthetic seller-style alias,https://www.homedepot.com/c/ab/types-of-lumber/9ba683603be9fa5395fab90567851db; https://www.lowes.com/n/buying-guide/lumber-buying-guide
LLX-0363,Local Yard,white pine 15/32 x 4 x 8 Prime,Seller-style listing for white pine 15/32 x 4 x 8 Prime. Intended category: Appearance/common board. Use normalized mapping with caution when ambiguity is medium.,White Pine,Pine,Appearance/common board,None,15/32x4x8,White Pine,white pine,Medium,No,White pine may be sold as pine/common board/appearance board; not the same as whitewood.,public terminology + synthetic seller-style alias,https://www.homedepot.com/c/ab/types-of-lumber/9ba683603be9fa5395fab90567851db; https://www.lowes.com/n/buying-guide/lumber-buying-guide
LLX-0364,Independent Lumberyard,White-Pine 2x4x10 S4S Lumber,Seller-style listing for White-Pine 2x4x10 S4S Lumber. Intended category: Appearance/common board. Use normalized mapping with caution when ambiguity is medium.,White Pine,Pine,Appearance/common board,None,2x4x10,White Pine,White-Pine,Medium,No,White pine may be sold as pine/common board/appearance board; not the same as whitewood.,public terminology + synthetic seller-style alias,https://www.homedepot.com/c/ab/types-of-lumber/9ba683603be9fa5395fab90567851db; https://www.lowes.com/n/buying-guide/lumber-buying-guide
LLX-0365,Builder Supply,EASTERN WHITE PINE 2x6x8 Prime,Seller-style listing for EASTERN WHITE PINE 2x6x8 Prime. Intended category: Appearance/common board. Use normalized mapping with caution when ambiguity is medium.,White Pine,Pine,Appearance/common board,None,2x6x8,Eastern White Pine,EASTERN WHITE PINE,Medium,No,White pine may be sold as pine/common board/appearance board; not the same as whitewood.,public terminology + synthetic seller-style alias,https://www.homedepot.com/c/ab/types-of-lumber/9ba683603be9fa5395fab90567851db; https://www.lowes.com/n/buying-guide/lumber-buying-guide
LLX-0366,Contractor Catalog,Eastern-White-Pine 4x4x8 S4S,Seller-style listing for Eastern-White-Pine 4x4x8 S4S. Intended category: Appearance/common board. Use normalized mapping with caution when ambiguity is medium.,White Pine,Pine,Appearance/common board,None,4x4x8,Eastern White Pine,Eastern-White-Pine,Medium,No,White pine may be sold as pine/common board/appearance board; not the same as whitewood.,public terminology + synthetic seller-style alias,https://www.homedepot.com/c/ab/types-of-lumber/9ba683603be9fa5395fab90567851db; https://www.lowes.com/n/buying-guide/lumber-buying-guide
LLX-0367,Vendor Price Sheet,Eastern White Pine 3/4x4x8 Sanded,Seller-style listing for Eastern White Pine 3/4x4x8 Sanded. Intended category: Appearance/common board. Use normalized mapping with caution when ambiguity is medium.,White Pine,Pine,Appearance/common board,None,3/4x4x8,Eastern White Pine,Eastern White Pine,Medium,No,White pine may be sold as pine/common board/appearance board; not the same as whitewood.,public terminology + synthetic seller-style alias,https://www.homedepot.com/c/ab/types-of-lumber/9ba683603be9fa5395fab90567851db; https://www.lowes.com/n/buying-guide/lumber-buying-guide
LLX-0368,ERP Legacy Import,ewp 15/32x4x8 S4S,Seller-style listing for ewp 15/32x4x8 S4S. Intended category: Appearance/common board. Use normalized mapping with caution when ambiguity is medium.,White Pine,Pine,Appearance/common board,None,15/32x4x8,EWP,ewp,Medium,No,White pine may be sold as pine/common board/appearance board; not the same as whitewood.,public terminology + synthetic seller-style alias,https://www.homedepot.com/c/ab/types-of-lumber/9ba683603be9fa5395fab90567851db; https://www.lowes.com/n/buying-guide/lumber-buying-guide
LLX-0369,Home Depot,EWP 2x4x10 Sanded,Seller-style listing for EWP 2x4x10 Sanded. Intended category: Appearance/common board. Use normalized mapping with caution when ambiguity is medium.,White Pine,Pine,Appearance/common board,None,2x4x10,EWP,EWP,Medium,No,White pine may be sold as pine/common board/appearance board; not the same as whitewood.,public terminology + synthetic seller-style alias,https://www.homedepot.com/c/ab/types-of-lumber/9ba683603be9fa5395fab90567851db; https://www.lowes.com/n/buying-guide/lumber-buying-guide
LLX-0370,Home Depot,wp 2x6x12 Kiln Dried,Seller-style listing for wp 2x6x12 Kiln Dried. Intended category: Appearance/common board. Use normalized mapping with caution when ambiguity is medium.,White Pine,Pine,Appearance/common board,None,2x6x12,WP,wp,Medium,No,White pine may be sold as pine/common board/appearance board; not the same as whitewood.,public terminology + synthetic seller-style alias,https://www.homedepot.com/c/ab/types-of-lumber/9ba683603be9fa5395fab90567851db; https://www.lowes.com/n/buying-guide/lumber-buying-guide
LLX-0371,Menards,WP 1x4x8 No. 2 Lumber,Seller-style listing for WP 1x4x8 No. 2 Lumber. Intended category: Appearance/common board. Use normalized mapping with caution when ambiguity is medium.,White Pine,Pine,Appearance/common board,None,1x4x8,WP,WP,Medium,No,White pine may be sold as pine/common board/appearance board; not the same as whitewood.,public terminology + synthetic seller-style alias,https://www.homedepot.com/c/ab/types-of-lumber/9ba683603be9fa5395fab90567851db; https://www.lowes.com/n/buying-guide/lumber-buying-guide
LLX-0372,Menards,White-Pine-Board 5/4x6x12 #2,Seller-style listing for White-Pine-Board 5/4x6x12 #2. Intended category: Appearance/common board. Use normalized mapping with caution when ambiguity is medium.,White Pine,Pine,Appearance/common board,None,5/4x6x12,White Pine Board,White-Pine-Board,Medium,No,White pine may be sold as pine/common board/appearance board; not the same as whitewood.,public terminology + synthetic seller-style alias,https://www.homedepot.com/c/ab/types-of-lumber/9ba683603be9fa5395fab90567851db; https://www.lowes.com/n/buying-guide/lumber-buying-guide
LLX-0373,Local Yard,White Pine Board 2x4x8 Select,Seller-style listing for White Pine Board 2x4x8 Select. Intended category: Appearance/common board. Use normalized mapping with caution when ambiguity is medium.,White Pine,Pine,Appearance/common board,None,2x4x8,White Pine Board,White Pine Board,Medium,No,White pine may be sold as pine/common board/appearance board; not the same as whitewood.,public terminology + synthetic seller-style alias,https://www.homedepot.com/c/ab/types-of-lumber/9ba683603be9fa5395fab90567851db; https://www.lowes.com/n/buying-guide/lumber-buying-guide
LLX-0374,Independent Lumberyard,white pine board 2 x 6 x 12 Common,Seller-style listing for white pine board 2 x 6 x 12 Common. Intended category: Appearance/common board. Use normalized mapping with caution when ambiguity is medium.,White Pine,Pine,Appearance/common board,None,2x6x12,White Pine Board,white pine board,Medium,No,White pine may be sold as pine/common board/appearance board; not the same as whitewood.,public terminology + synthetic seller-style alias,https://www.homedepot.com/c/ab/types-of-lumber/9ba683603be9fa5395fab90567851db; https://www.lowes.com/n/buying-guide/lumber-buying-guide
LLX-0375,Builder Supply,White Pine Common Board 2x8x10 Select,Seller-style listing for White Pine Common Board 2x8x10 Select. Intended category: Appearance/common board. Use normalized mapping with caution when ambiguity is medium.,White Pine,Pine,Appearance/common board,None,2x8x10,White Pine Common Board,White Pine Common Board,Medium,No,White pine may be sold as pine/common board/appearance board; not the same as whitewood.,public terminology + synthetic seller-style alias,https://www.homedepot.com/c/ab/types-of-lumber/9ba683603be9fa5395fab90567851db; https://www.lowes.com/n/buying-guide/lumber-buying-guide
LLX-0376,Contractor Catalog,WHITE PINE COMMON BOARD 1x6x8 Common,Seller-style listing for WHITE PINE COMMON BOARD 1x6x8 Common. Intended category: Appearance/common board. Use normalized mapping with caution when ambiguity is medium.,White Pine,Pine,Appearance/common board,None,1x6x8,White Pine Common Board,WHITE PINE COMMON BOARD,Medium,No,White pine may be sold as pine/common board/appearance board; not the same as whitewood.,public terminology + synthetic seller-style alias,https://www.homedepot.com/c/ab/types-of-lumber/9ba683603be9fa5395fab90567851db; https://www.lowes.com/n/buying-guide/lumber-buying-guide
LLX-0377,Vendor Price Sheet,white pine common board 7/16x4x8 KD,Seller-style listing for white pine common board 7/16x4x8 KD. Intended category: Appearance/common board. Use normalized mapping with caution when ambiguity is medium.,White Pine,Pine,Appearance/common board,None,7/16x4x8,White Pine Common Board,white pine common board,Medium,No,White pine may be sold as pine/common board/appearance board; not the same as whitewood.,public terminology + synthetic seller-style alias,https://www.homedepot.com/c/ab/types-of-lumber/9ba683603be9fa5395fab90567851db; https://www.lowes.com/n/buying-guide/lumber-buying-guide
LLX-0378,ERP Legacy Import,Select-White-Pine 2x4x8 Common Lumber,Seller-style listing for Select-White-Pine 2x4x8 Common Lumber. Intended category: Appearance/common board. Use normalized mapping with caution when ambiguity is medium.,White Pine,Pine,Appearance/common board,None,2x4x8,Select White Pine,Select-White-Pine,Medium,No,White pine may be sold as pine/common board/appearance board; not the same as whitewood.,public terminology + synthetic seller-style alias,https://www.homedepot.com/c/ab/types-of-lumber/9ba683603be9fa5395fab90567851db; https://www.lowes.com/n/buying-guide/lumber-buying-guide
LLX-0379,Home Depot,SelectWhitePine 2x6x12 KD,Seller-style listing for SelectWhitePine 2x6x12 KD. Intended category: Appearance/common board. Use normalized mapping with caution when ambiguity is medium.,White Pine,Pine,Appearance/common board,None,2x6x12,Select White Pine,SelectWhitePine,Medium,No,White pine may be sold as pine/common board/appearance board; not the same as whitewood.,public terminology + synthetic seller-style alias,https://www.homedepot.com/c/ab/types-of-lumber/9ba683603be9fa5395fab90567851db; https://www.lowes.com/n/buying-guide/lumber-buying-guide
LLX-0380,Menards,Select White Pine 1x4x8 #2,Seller-style listing for Select White Pine 1x4x8 #2. Intended category: Appearance/common board. Use normalized mapping with caution when ambiguity is medium.,White Pine,Pine,Appearance/common board,None,1x4x8,Select White Pine,Select White Pine,Medium,No,White pine may be sold as pine/common board/appearance board; not the same as whitewood.,public terminology + synthetic seller-style alias,https://www.homedepot.com/c/ab/types-of-lumber/9ba683603be9fa5395fab90567851db; https://www.lowes.com/n/buying-guide/lumber-buying-guide
LLX-0381,Lowes,KNOTTY WHITE PINE 1x6x8 KD,Seller-style listing for KNOTTY WHITE PINE 1x6x8 KD. Intended category: Appearance/common board. Use normalized mapping with caution when ambiguity is medium.,White Pine,Pine,Appearance/common board,None,1x6x8,Knotty White Pine,KNOTTY WHITE PINE,Medium,No,White pine may be sold as pine/common board/appearance board; not the same as whitewood.,public terminology + synthetic seller-style alias,https://www.homedepot.com/c/ab/types-of-lumber/9ba683603be9fa5395fab90567851db; https://www.lowes.com/n/buying-guide/lumber-buying-guide
LLX-0382,84 Lumber,Knotty-White-Pine 7/16x4x8 #2,Seller-style listing for Knotty-White-Pine 7/16x4x8 #2. Intended category: Appearance/common board. Use normalized mapping with caution when ambiguity is medium.,White Pine,Pine,Appearance/common board,None,7/16x4x8,Knotty White Pine,Knotty-White-Pine,Medium,No,White pine may be sold as pine/common board/appearance board; not the same as whitewood.,public terminology + synthetic seller-style alias,https://www.homedepot.com/c/ab/types-of-lumber/9ba683603be9fa5395fab90567851db; https://www.lowes.com/n/buying-guide/lumber-buying-guide
LLX-0383,Builder Supply,Knotty White Pine 2x6x8 Select,Seller-style listing for Knotty White Pine 2x6x8 Select. Intended category: Appearance/common board. Use normalized mapping with caution when ambiguity is medium.,White Pine,Pine,Appearance/common board,None,2x6x8,Knotty White Pine,Knotty White Pine,Medium,No,White pine may be sold as pine/common board/appearance board; not the same as whitewood.,public terminology + synthetic seller-style alias,https://www.homedepot.com/c/ab/types-of-lumber/9ba683603be9fa5395fab90567851db; https://www.lowes.com/n/buying-guide/lumber-buying-guide
LLX-0384,Local Yard,Premium White Pine 2x6x12 #2,Seller-style listing for Premium White Pine 2x6x12 #2. Intended category: Appearance/common board. Use normalized mapping with caution when ambiguity is medium.,White Pine,Pine,Appearance/common board,None,2x6x12,Premium White Pine,Premium White Pine,Medium,No,White pine may be sold as pine/common board/appearance board; not the same as whitewood.,public terminology + synthetic seller-style alias,https://www.homedepot.com/c/ab/types-of-lumber/9ba683603be9fa5395fab90567851db; https://www.lowes.com/n/buying-guide/lumber-buying-guide
LLX-0385,Independent Lumberyard,premium white pine 1 x 4 x 8 Select Lumber,Seller-style listing for premium white pine 1 x 4 x 8 Select Lumber. Intended category: Appearance/common board. Use normalized mapping with caution when ambiguity is medium.,White Pine,Pine,Appearance/common board,None,1x4x8,Premium White Pine,premium white pine,Medium,No,White pine may be sold as pine/common board/appearance board; not the same as whitewood.,public terminology + synthetic seller-style alias,https://www.homedepot.com/c/ab/types-of-lumber/9ba683603be9fa5395fab90567851db; https://www.lowes.com/n/buying-guide/lumber-buying-guide
LLX-0386,ERP Legacy Import,Premium-White-Pine 15/32x4x8 Common,Seller-style listing for Premium-White-Pine 15/32x4x8 Common. Intended category: Appearance/common board. Use normalized mapping with caution when ambiguity is medium.,White Pine,Pine,Appearance/common board,None,15/32x4x8,Premium White Pine,Premium-White-Pine,Medium,No,White pine may be sold as pine/common board/appearance board; not the same as whitewood.,public terminology + synthetic seller-style alias,https://www.homedepot.com/c/ab/types-of-lumber/9ba683603be9fa5395fab90567851db; https://www.lowes.com/n/buying-guide/lumber-buying-guide
LLX-0387,Contractor Catalog,WP-S4S 7/16x4x8 Select,Seller-style listing for WP-S4S 7/16x4x8 Select. Intended category: Appearance/common board. Use normalized mapping with caution when ambiguity is medium.,White Pine,Pine,Appearance/common board,None,7/16x4x8,WP S4S,WP-S4S,Medium,No,White pine may be sold as pine/common board/appearance board; not the same as whitewood.,public terminology + synthetic seller-style alias,https://www.homedepot.com/c/ab/types-of-lumber/9ba683603be9fa5395fab90567851db; https://www.lowes.com/n/buying-guide/lumber-buying-guide
LLX-0388,Vendor Price Sheet,WPS4S 2x6x8 Common,Seller-style listing for WPS4S 2x6x8 Common. Intended category: Appearance/common board. Use normalized mapping with caution when ambiguity is medium.,White Pine,Pine,Appearance/common board,None,2x6x8,WP S4S,WPS4S,Medium,No,White pine may be sold as pine/common board/appearance board; not the same as whitewood.,public terminology + synthetic seller-style alias,https://www.homedepot.com/c/ab/types-of-lumber/9ba683603be9fa5395fab90567851db; https://www.lowes.com/n/buying-guide/lumber-buying-guide
LLX-0389,Lowes,wp s4s 4x4x8 KD,Seller-style listing for wp s4s 4x4x8 KD. Intended category: Appearance/common board. Use normalized mapping with caution when ambiguity is medium.,White Pine,Pine,Appearance/common board,None,4x4x8,WP S4S,wp s4s,Medium,No,White pine may be sold as pine/common board/appearance board; not the same as whitewood.,public terminology + synthetic seller-style alias,https://www.homedepot.com/c/ab/types-of-lumber/9ba683603be9fa5395fab90567851db; https://www.lowes.com/n/buying-guide/lumber-buying-guide
LLX-0390,Home Depot,E.WhitePine 1x4x8 Common,Seller-style listing for E.WhitePine 1x4x8 Common. Intended category: Appearance/common board. Use normalized mapping with caution when ambiguity is medium.,White Pine,Pine,Appearance/common board,None,1x4x8,E. White Pine,E.WhitePine,Medium,No,White pine may be sold as pine/common board/appearance board; not the same as whitewood.,public terminology + synthetic seller-style alias,https://www.homedepot.com/c/ab/types-of-lumber/9ba683603be9fa5395fab90567851db; https://www.lowes.com/n/buying-guide/lumber-buying-guide
LLX-0391,Menards,E. White Pine 15/32x4x8 KD,Seller-style listing for E. White Pine 15/32x4x8 KD. Intended category: Appearance/common board. Use normalized mapping with caution when ambiguity is medium.,White Pine,Pine,Appearance/common board,None,15/32x4x8,E. White Pine,E. White Pine,Medium,No,White pine may be sold as pine/common board/appearance board; not the same as whitewood.,public terminology + synthetic seller-style alias,https://www.homedepot.com/c/ab/types-of-lumber/9ba683603be9fa5395fab90567851db; https://www.lowes.com/n/buying-guide/lumber-buying-guide
LLX-0392,Local Yard,e. white pine 2x4x10 #2 Lumber,Seller-style listing for e. white pine 2x4x10 #2 Lumber. Intended category: Appearance/common board. Use normalized mapping with caution when ambiguity is medium.,White Pine,Pine,Appearance/common board,None,2x4x10,E. White Pine,e. white pine,Medium,No,White pine may be sold as pine/common board/appearance board; not the same as whitewood.,public terminology + synthetic seller-style alias,https://www.homedepot.com/c/ab/types-of-lumber/9ba683603be9fa5395fab90567851db; https://www.lowes.com/n/buying-guide/lumber-buying-guide
LLX-0393,84 Lumber,Poplar 2x6x8 KD,Seller-style listing for Poplar 2x6x8 KD. Intended category: Hardwood/appearance board. Use normalized mapping with caution when ambiguity is medium.,Poplar,Poplar,Hardwood/appearance board,None,2x6x8,Poplar,Poplar,Medium,No,Poplar may be labeled tulip poplar or yellow poplar; often appearance/project board.,public terminology + synthetic seller-style alias,https://www.homedepot.com/c/ab/types-of-lumber/9ba683603be9fa5395fab90567851db; https://www.lowes.com/n/buying-guide/lumber-buying-guide
LLX-0394,Builder Supply,POPLAR 4x4x8 #2,Seller-style listing for POPLAR 4x4x8 #2. Intended category: Hardwood/appearance board. Use normalized mapping with caution when ambiguity is medium.,Poplar,Poplar,Hardwood/appearance board,None,4x4x8,Poplar,POPLAR,Medium,No,Poplar may be labeled tulip poplar or yellow poplar; often appearance/project board.,public terminology + synthetic seller-style alias,https://www.homedepot.com/c/ab/types-of-lumber/9ba683603be9fa5395fab90567851db; https://www.lowes.com/n/buying-guide/lumber-buying-guide
LLX-0395,Contractor Catalog,poplar 3/4x4x8 Select,Seller-style listing for poplar 3/4x4x8 Select. Intended category: Hardwood/appearance board. Use normalized mapping with caution when ambiguity is medium.,Poplar,Poplar,Hardwood/appearance board,None,3/4x4x8,Poplar,poplar,Medium,No,Poplar may be labeled tulip poplar or yellow poplar; often appearance/project board.,public terminology + synthetic seller-style alias,https://www.homedepot.com/c/ab/types-of-lumber/9ba683603be9fa5395fab90567851db; https://www.lowes.com/n/buying-guide/lumber-buying-guide
LLX-0396,Independent Lumberyard,YELLOW POPLAR 15/32 x 4 x 8 #2,Seller-style listing for YELLOW POPLAR 15/32 x 4 x 8 #2. Intended category: Hardwood/appearance board. Use normalized mapping with caution when ambiguity is medium.,Poplar,Poplar,Hardwood/appearance board,None,15/32x4x8,Yellow Poplar,YELLOW POPLAR,Medium,No,Poplar may be labeled tulip poplar or yellow poplar; often appearance/project board.,public terminology + synthetic seller-style alias,https://www.homedepot.com/c/ab/types-of-lumber/9ba683603be9fa5395fab90567851db; https://www.lowes.com/n/buying-guide/lumber-buying-guide
LLX-0397,ERP Legacy Import,YellowPoplar 2x4x10 Select,Seller-style listing for YellowPoplar 2x4x10 Select. Intended category: Hardwood/appearance board. Use normalized mapping with caution when ambiguity is medium.,Poplar,Poplar,Hardwood/appearance board,None,2x4x10,Yellow Poplar,YellowPoplar,Medium,No,Poplar may be labeled tulip poplar or yellow poplar; often appearance/project board.,public terminology + synthetic seller-style alias,https://www.homedepot.com/c/ab/types-of-lumber/9ba683603be9fa5395fab90567851db; https://www.lowes.com/n/buying-guide/lumber-buying-guide
LLX-0398,Home Depot,Yellow Poplar 2x10x12 Common,Seller-style listing for Yellow Poplar 2x10x12 Common. Intended category: Hardwood/appearance board. Use normalized mapping with caution when ambiguity is medium.,Poplar,Poplar,Hardwood/appearance board,None,2x10x12,Yellow Poplar,Yellow Poplar,Medium,No,Poplar may be labeled tulip poplar or yellow poplar; often appearance/project board.,public terminology + synthetic seller-style alias,https://www.homedepot.com/c/ab/types-of-lumber/9ba683603be9fa5395fab90567851db; https://www.lowes.com/n/buying-guide/lumber-buying-guide
LLX-0399,Vendor Price Sheet,Tulip Poplar 4x4x8 Select Lumber,Seller-style listing for Tulip Poplar 4x4x8 Select Lumber. Intended category: Hardwood/appearance board. Use normalized mapping with caution when ambiguity is medium.,Poplar,Poplar,Hardwood/appearance board,None,4x4x8,Tulip Poplar,Tulip Poplar,Medium,No,Poplar may be labeled tulip poplar or yellow poplar; often appearance/project board.,public terminology + synthetic seller-style alias,https://www.homedepot.com/c/ab/types-of-lumber/9ba683603be9fa5395fab90567851db; https://www.lowes.com/n/buying-guide/lumber-buying-guide
LLX-0400,Lowes,Tulip-Poplar 3/4x4x8 Common,Seller-style listing for Tulip-Poplar 3/4x4x8 Common. Intended category: Hardwood/appearance board. Use normalized mapping with caution when ambiguity is medium.,Poplar,Poplar,Hardwood/appearance board,None,3/4x4x8,Tulip Poplar,Tulip-Poplar,Medium,No,Poplar may be labeled tulip poplar or yellow poplar; often appearance/project board.,public terminology + synthetic seller-style alias,https://www.homedepot.com/c/ab/types-of-lumber/9ba683603be9fa5395fab90567851db; https://www.lowes.com/n/buying-guide/lumber-buying-guide
LLX-0401,84 Lumber,TULIP POPLAR 2x4x92-5/8 KD,Seller-style listing for TULIP POPLAR 2x4x92-5/8 KD. Intended category: Hardwood/appearance board. Use normalized mapping with caution when ambiguity is medium.,Poplar,Poplar,Hardwood/appearance board,None,2x4x92-5/8,Tulip Poplar,TULIP POPLAR,Medium,No,Poplar may be labeled tulip poplar or yellow poplar; often appearance/project board.,public terminology + synthetic seller-style alias,https://www.homedepot.com/c/ab/types-of-lumber/9ba683603be9fa5395fab90567851db; https://www.lowes.com/n/buying-guide/lumber-buying-guide
LLX-0402,Menards,Poplar Board 2x4x10 Common,Seller-style listing for Poplar Board 2x4x10 Common. Intended category: Hardwood/appearance board. Use normalized mapping with caution when ambiguity is medium.,Poplar,Poplar,Hardwood/appearance board,None,2x4x10,Poplar Board,Poplar Board,Medium,No,Poplar may be labeled tulip poplar or yellow poplar; often appearance/project board.,public terminology + synthetic seller-style alias,https://www.homedepot.com/c/ab/types-of-lumber/9ba683603be9fa5395fab90567851db; https://www.lowes.com/n/buying-guide/lumber-buying-guide
LLX-0403,Local Yard,POPLAR BOARD 2x10x12 KD,Seller-style listing for POPLAR BOARD 2x10x12 KD. Intended category: Hardwood/appearance board. Use normalized mapping with caution when ambiguity is medium.,Poplar,Poplar,Hardwood/appearance board,None,2x10x12,Poplar Board,POPLAR BOARD,Medium,No,Poplar may be labeled tulip poplar or yellow poplar; often appearance/project board.,public terminology + synthetic seller-style alias,https://www.homedepot.com/c/ab/types-of-lumber/9ba683603be9fa5395fab90567851db; https://www.lowes.com/n/buying-guide/lumber-buying-guide
LLX-0404,Independent Lumberyard,poplar board 5/4x6x12 #2,Seller-style listing for poplar board 5/4x6x12 #2. Intended category: Hardwood/appearance board. Use normalized mapping with caution when ambiguity is medium.,Poplar,Poplar,Hardwood/appearance board,None,5/4x6x12,Poplar Board,poplar board,Medium,No,Poplar may be labeled tulip poplar or yellow poplar; often appearance/project board.,public terminology + synthetic seller-style alias,https://www.homedepot.com/c/ab/types-of-lumber/9ba683603be9fa5395fab90567851db; https://www.lowes.com/n/buying-guide/lumber-buying-guide
LLX-0405,Builder Supply,poplar s4s 3/4x4x8 KD,Seller-style listing for poplar s4s 3/4x4x8 KD. Intended category: Hardwood/appearance board. Use normalized mapping with caution when ambiguity is medium.,Poplar,Poplar,Hardwood/appearance board,None,3/4x4x8,Poplar S4S,poplar s4s,Medium,No,Poplar may be labeled tulip poplar or yellow poplar; often appearance/project board.,public terminology + synthetic seller-style alias,https://www.homedepot.com/c/ab/types-of-lumber/9ba683603be9fa5395fab90567851db; https://www.lowes.com/n/buying-guide/lumber-buying-guide
LLX-0406,Contractor Catalog,POPLAR S4S 2x4x92-5/8 #2 Lumber,Seller-style listing for POPLAR S4S 2x4x92-5/8 #2 Lumber. Intended category: Hardwood/appearance board. Use normalized mapping with caution when ambiguity is medium.,Poplar,Poplar,Hardwood/appearance board,None,2x4x92-5/8,Poplar S4S,POPLAR S4S,Medium,No,Poplar may be labeled tulip poplar or yellow poplar; often appearance/project board.,public terminology + synthetic seller-style alias,https://www.homedepot.com/c/ab/types-of-lumber/9ba683603be9fa5395fab90567851db; https://www.lowes.com/n/buying-guide/lumber-buying-guide
LLX-0407,Vendor Price Sheet,PoplarS4S 2 x 8 x 10 Select,Seller-style listing for PoplarS4S 2 x 8 x 10 Select. Intended category: Hardwood/appearance board. Use normalized mapping with caution when ambiguity is medium.,Poplar,Poplar,Hardwood/appearance board,None,2x8x10,Poplar S4S,PoplarS4S,Medium,No,Poplar may be labeled tulip poplar or yellow poplar; often appearance/project board.,public terminology + synthetic seller-style alias,https://www.homedepot.com/c/ab/types-of-lumber/9ba683603be9fa5395fab90567851db; https://www.lowes.com/n/buying-guide/lumber-buying-guide
LLX-0408,ERP Legacy Import,Poplar Project Board 2x10x12 #2,Seller-style listing for Poplar Project Board 2x10x12 #2. Intended category: Hardwood/appearance board. Use normalized mapping with caution when ambiguity is medium.,Poplar,Poplar,Hardwood/appearance board,None,2x10x12,Poplar Project Board,Poplar Project Board,Medium,No,Poplar may be labeled tulip poplar or yellow poplar; often appearance/project board.,public terminology + synthetic seller-style alias,https://www.homedepot.com/c/ab/types-of-lumber/9ba683603be9fa5395fab90567851db; https://www.lowes.com/n/buying-guide/lumber-buying-guide
LLX-0409,Home Depot,Poplar-Project-Board 5/4x6x12 Select,Seller-style listing for Poplar-Project-Board 5/4x6x12 Select. Intended category: Hardwood/appearance board. Use normalized mapping with caution when ambiguity is medium.,Poplar,Poplar,Hardwood/appearance board,None,5/4x6x12,Poplar Project Board,Poplar-Project-Board,Medium,No,Poplar may be labeled tulip poplar or yellow poplar; often appearance/project board.,public terminology + synthetic seller-style alias,https://www.homedepot.com/c/ab/types-of-lumber/9ba683603be9fa5395fab90567851db; https://www.lowes.com/n/buying-guide/lumber-buying-guide
LLX-0410,Menards,POPLAR PROJECT BOARD 2x4x8 Common,Seller-style listing for POPLAR PROJECT BOARD 2x4x8 Common. Intended category: Hardwood/appearance board. Use normalized mapping with caution when ambiguity is medium.,Poplar,Poplar,Hardwood/appearance board,None,2x4x8,Poplar Project Board,POPLAR PROJECT BOARD,Medium,No,Poplar may be labeled tulip poplar or yellow poplar; often appearance/project board.,public terminology + synthetic seller-style alias,https://www.homedepot.com/c/ab/types-of-lumber/9ba683603be9fa5395fab90567851db; https://www.lowes.com/n/buying-guide/lumber-buying-guide
LLX-0411,Lowes,Poplar Hardwood 2x4x92-5/8 Select,Seller-style listing for Poplar Hardwood 2x4x92-5/8 Select. Intended category: Hardwood/appearance board. Use normalized mapping with caution when ambiguity is medium.,Poplar,Poplar,Hardwood/appearance board,None,2x4x92-5/8,Poplar Hardwood,Poplar Hardwood,Medium,No,Poplar may be labeled tulip poplar or yellow poplar; often appearance/project board.,public terminology + synthetic seller-style alias,https://www.homedepot.com/c/ab/types-of-lumber/9ba683603be9fa5395fab90567851db; https://www.lowes.com/n/buying-guide/lumber-buying-guide
LLX-0412,84 Lumber,PoplarHardwood 2x8x10 Common,Seller-style listing for PoplarHardwood 2x8x10 Common. Intended category: Hardwood/appearance board. Use normalized mapping with caution when ambiguity is medium.,Poplar,Poplar,Hardwood/appearance board,None,2x8x10,Poplar Hardwood,PoplarHardwood,Medium,No,Poplar may be labeled tulip poplar or yellow poplar; often appearance/project board.,public terminology + synthetic seller-style alias,https://www.homedepot.com/c/ab/types-of-lumber/9ba683603be9fa5395fab90567851db; https://www.lowes.com/n/buying-guide/lumber-buying-guide
LLX-0413,Builder Supply,poplar hardwood 1x6x8 KD Lumber,Seller-style listing for poplar hardwood 1x6x8 KD Lumber. Intended category: Hardwood/appearance board. Use normalized mapping with caution when ambiguity is medium.,Poplar,Poplar,Hardwood/appearance board,None,1x6x8,Poplar Hardwood,poplar hardwood,Medium,No,Poplar may be labeled tulip poplar or yellow poplar; often appearance/project board.,public terminology + synthetic seller-style alias,https://www.homedepot.com/c/ab/types-of-lumber/9ba683603be9fa5395fab90567851db; https://www.lowes.com/n/buying-guide/lumber-buying-guide
LLX-0414,Local Yard,PoplarCommonBoard 5/4x6x12 Common,Seller-style listing for PoplarCommonBoard 5/4x6x12 Common. Intended category: Hardwood/appearance board. Use normalized mapping with caution when ambiguity is medium.,Poplar,Poplar,Hardwood/appearance board,None,5/4x6x12,Poplar Common Board,PoplarCommonBoard,Medium,No,Poplar may be labeled tulip poplar or yellow poplar; often appearance/project board.,public terminology + synthetic seller-style alias,https://www.homedepot.com/c/ab/types-of-lumber/9ba683603be9fa5395fab90567851db; https://www.lowes.com/n/buying-guide/lumber-buying-guide
LLX-0415,Independent Lumberyard,POPLAR COMMON BOARD 2x4x8 KD,Seller-style listing for POPLAR COMMON BOARD 2x4x8 KD. Intended category: Hardwood/appearance board. Use normalized mapping with caution when ambiguity is medium.,Poplar,Poplar,Hardwood/appearance board,None,2x4x8,Poplar Common Board,POPLAR COMMON BOARD,Medium,No,Poplar may be labeled tulip poplar or yellow poplar; often appearance/project board.,public terminology + synthetic seller-style alias,https://www.homedepot.com/c/ab/types-of-lumber/9ba683603be9fa5395fab90567851db; https://www.lowes.com/n/buying-guide/lumber-buying-guide
LLX-0416,ERP Legacy Import,Poplar Common Board 2x6x12 #2,Seller-style listing for Poplar Common Board 2x6x12 #2. Intended category: Hardwood/appearance board. Use normalized mapping with caution when ambiguity is medium.,Poplar,Poplar,Hardwood/appearance board,None,2x6x12,Poplar Common Board,Poplar Common Board,Medium,No,Poplar may be labeled tulip poplar or yellow poplar; often appearance/project board.,public terminology + synthetic seller-style alias,https://www.homedepot.com/c/ab/types-of-lumber/9ba683603be9fa5395fab90567851db; https://www.lowes.com/n/buying-guide/lumber-buying-guide
LLX-0417,Contractor Catalog,PaintGradePoplar 2x8x10 KD,Seller-style listing for PaintGradePoplar 2x8x10 KD. Intended category: Hardwood/appearance board. Use normalized mapping with caution when ambiguity is medium.,Poplar,Poplar,Hardwood/appearance board,None,2x8x10,Paint Grade Poplar,PaintGradePoplar,Medium,No,Poplar may be labeled tulip poplar or yellow poplar; often appearance/project board.,public terminology + synthetic seller-style alias,https://www.homedepot.com/c/ab/types-of-lumber/9ba683603be9fa5395fab90567851db; https://www.lowes.com/n/buying-guide/lumber-buying-guide
LLX-0418,Vendor Price Sheet,PAINT GRADE POPLAR 1 x 6 x 8 #2,Seller-style listing for PAINT GRADE POPLAR 1 x 6 x 8 #2. Intended category: Hardwood/appearance board. Use normalized mapping with caution when ambiguity is medium.,Poplar,Poplar,Hardwood/appearance board,None,1x6x8,Paint Grade Poplar,PAINT GRADE POPLAR,Medium,No,Poplar may be labeled tulip poplar or yellow poplar; often appearance/project board.,public terminology + synthetic seller-style alias,https://www.homedepot.com/c/ab/types-of-lumber/9ba683603be9fa5395fab90567851db; https://www.lowes.com/n/buying-guide/lumber-buying-guide
LLX-0419,Lowes,paint grade poplar 7/16x4x8 Select,Seller-style listing for paint grade poplar 7/16x4x8 Select. Intended category: Hardwood/appearance board. Use normalized mapping with caution when ambiguity is medium.,Poplar,Poplar,Hardwood/appearance board,None,7/16x4x8,Paint Grade Poplar,paint grade poplar,Medium,No,Poplar may be labeled tulip poplar or yellow poplar; often appearance/project board.,public terminology + synthetic seller-style alias,https://www.homedepot.com/c/ab/types-of-lumber/9ba683603be9fa5395fab90567851db; https://www.lowes.com/n/buying-guide/lumber-buying-guide
LLX-0420,Home Depot,TULIPWOOD 2x4x8 #2 Lumber,Seller-style listing for TULIPWOOD 2x4x8 #2 Lumber. Intended category: Hardwood/appearance board. Use normalized mapping with caution when ambiguity is medium.,Poplar,Poplar,Hardwood/appearance board,None,2x4x8,Tulipwood,TULIPWOOD,Medium,No,Poplar may be labeled tulip poplar or yellow poplar; often appearance/project board.,public terminology + synthetic seller-style alias,https://www.homedepot.com/c/ab/types-of-lumber/9ba683603be9fa5395fab90567851db; https://www.lowes.com/n/buying-guide/lumber-buying-guide
LLX-0421,Menards,Tulipwood 2x6x12 Select,Seller-style listing for Tulipwood 2x6x12 Select. Intended category: Hardwood/appearance board. Use normalized mapping with caution when ambiguity is medium.,Poplar,Poplar,Hardwood/appearance board,None,2x6x12,Tulipwood,Tulipwood,Medium,No,Poplar may be labeled tulip poplar or yellow poplar; often appearance/project board.,public terminology + synthetic seller-style alias,https://www.homedepot.com/c/ab/types-of-lumber/9ba683603be9fa5395fab90567851db; https://www.lowes.com/n/buying-guide/lumber-buying-guide
LLX-0422,Local Yard,tulipwood 1x4x8 Common,Seller-style listing for tulipwood 1x4x8 Common. Intended category: Hardwood/appearance board. Use normalized mapping with caution when ambiguity is medium.,Poplar,Poplar,Hardwood/appearance board,None,1x4x8,Tulipwood,tulipwood,Medium,No,Poplar may be labeled tulip poplar or yellow poplar; often appearance/project board.,public terminology + synthetic seller-style alias,https://www.homedepot.com/c/ab/types-of-lumber/9ba683603be9fa5395fab90567851db; https://www.lowes.com/n/buying-guide/lumber-buying-guide
LLX-0423,84 Lumber,Oak 1x6x8 Select,Seller-style listing for Oak 1x6x8 Select. Intended category: Hardwood/appearance board. Use normalized mapping with caution when ambiguity is high.,Oak,Oak,Hardwood/appearance board,None,1x6x8,Oak,Oak,High,Yes,Oak is broad; red/white oak should be separated if known.,public terminology + synthetic seller-style alias,https://www.homedepot.com/c/ab/types-of-lumber/9ba683603be9fa5395fab90567851db; https://www.lowes.com/n/buying-guide/lumber-buying-guide
LLX-0424,Builder Supply,oak 7/16x4x8 Common,Seller-style listing for oak 7/16x4x8 Common. Intended category: Hardwood/appearance board. Use normalized mapping with caution when ambiguity is high.,Oak,Oak,Hardwood/appearance board,None,7/16x4x8,Oak,oak,High,Yes,Oak is broad; red/white oak should be separated if known.,public terminology + synthetic seller-style alias,https://www.homedepot.com/c/ab/types-of-lumber/9ba683603be9fa5395fab90567851db; https://www.lowes.com/n/buying-guide/lumber-buying-guide
LLX-0425,Contractor Catalog,OAK 2x6x8 KD,Seller-style listing for OAK 2x6x8 KD. Intended category: Hardwood/appearance board. Use normalized mapping with caution when ambiguity is high.,Oak,Oak,Hardwood/appearance board,None,2x6x8,Oak,OAK,High,Yes,Oak is broad; red/white oak should be separated if known.,public terminology + synthetic seller-style alias,https://www.homedepot.com/c/ab/types-of-lumber/9ba683603be9fa5395fab90567851db; https://www.lowes.com/n/buying-guide/lumber-buying-guide
LLX-0426,Independent Lumberyard,RedOak 2x6x12 Common,Seller-style listing for RedOak 2x6x12 Common. Intended category: Hardwood/appearance board. Use normalized mapping with caution when ambiguity is high.,Oak,Oak,Hardwood/appearance board,None,2x6x12,Red Oak,RedOak,High,Yes,Oak is broad; red/white oak should be separated if known.,public terminology + synthetic seller-style alias,https://www.homedepot.com/c/ab/types-of-lumber/9ba683603be9fa5395fab90567851db; https://www.lowes.com/n/buying-guide/lumber-buying-guide
LLX-0427,ERP Legacy Import,Red Oak 1x4x8 KD Lumber,Seller-style listing for Red Oak 1x4x8 KD Lumber. Intended category: Hardwood/appearance board. Use normalized mapping with caution when ambiguity is high.,Oak,Oak,Hardwood/appearance board,None,1x4x8,Red Oak,Red Oak,High,Yes,Oak is broad; red/white oak should be separated if known.,public terminology + synthetic seller-style alias,https://www.homedepot.com/c/ab/types-of-lumber/9ba683603be9fa5395fab90567851db; https://www.lowes.com/n/buying-guide/lumber-buying-guide
LLX-0428,Home Depot,RED OAK 15/32x4x8 #2,Seller-style listing for RED OAK 15/32x4x8 #2. Intended category: Hardwood/appearance board. Use normalized mapping with caution when ambiguity is high.,Oak,Oak,Hardwood/appearance board,None,15/32x4x8,Red Oak,RED OAK,High,Yes,Oak is broad; red/white oak should be separated if known.,public terminology + synthetic seller-style alias,https://www.homedepot.com/c/ab/types-of-lumber/9ba683603be9fa5395fab90567851db; https://www.lowes.com/n/buying-guide/lumber-buying-guide
LLX-0429,Vendor Price Sheet,white oak 7/16 x 4 x 8 KD,Seller-style listing for white oak 7/16 x 4 x 8 KD. Intended category: Hardwood/appearance board. Use normalized mapping with caution when ambiguity is high.,Oak,Oak,Hardwood/appearance board,None,7/16x4x8,White Oak,white oak,High,Yes,Oak is broad; red/white oak should be separated if known.,public terminology + synthetic seller-style alias,https://www.homedepot.com/c/ab/types-of-lumber/9ba683603be9fa5395fab90567851db; https://www.lowes.com/n/buying-guide/lumber-buying-guide
LLX-0430,Lowes,WHITE OAK 2x6x8 #2,Seller-style listing for WHITE OAK 2x6x8 #2. Intended category: Hardwood/appearance board. Use normalized mapping with caution when ambiguity is high.,Oak,Oak,Hardwood/appearance board,None,2x6x8,White Oak,WHITE OAK,High,Yes,Oak is broad; red/white oak should be separated if known.,public terminology + synthetic seller-style alias,https://www.homedepot.com/c/ab/types-of-lumber/9ba683603be9fa5395fab90567851db; https://www.lowes.com/n/buying-guide/lumber-buying-guide
LLX-0431,84 Lumber,White-Oak 4x4x8 Select,Seller-style listing for White-Oak 4x4x8 Select. Intended category: Hardwood/appearance board. Use normalized mapping with caution when ambiguity is high.,Oak,Oak,Hardwood/appearance board,None,4x4x8,White Oak,White-Oak,High,Yes,Oak is broad; red/white oak should be separated if known.,public terminology + synthetic seller-style alias,https://www.homedepot.com/c/ab/types-of-lumber/9ba683603be9fa5395fab90567851db; https://www.lowes.com/n/buying-guide/lumber-buying-guide
LLX-0432,Menards,Oak-Board 1x4x8 #2,Seller-style listing for Oak-Board 1x4x8 #2. Intended category: Hardwood/appearance board. Use normalized mapping with caution when ambiguity is high.,Oak,Oak,Hardwood/appearance board,None,1x4x8,Oak Board,Oak-Board,High,Yes,Oak is broad; red/white oak should be separated if known.,public terminology + synthetic seller-style alias,https://www.homedepot.com/c/ab/types-of-lumber/9ba683603be9fa5395fab90567851db; https://www.lowes.com/n/buying-guide/lumber-buying-guide
LLX-0433,Local Yard,oak board 15/32x4x8 Select,Seller-style listing for oak board 15/32x4x8 Select. Intended category: Hardwood/appearance board. Use normalized mapping with caution when ambiguity is high.,Oak,Oak,Hardwood/appearance board,None,15/32x4x8,Oak Board,oak board,High,Yes,Oak is broad; red/white oak should be separated if known.,public terminology + synthetic seller-style alias,https://www.homedepot.com/c/ab/types-of-lumber/9ba683603be9fa5395fab90567851db; https://www.lowes.com/n/buying-guide/lumber-buying-guide
LLX-0434,Independent Lumberyard,OakBoard 2x4x10 Common Lumber,Seller-style listing for OakBoard 2x4x10 Common Lumber. Intended category: Hardwood/appearance board. Use normalized mapping with caution when ambiguity is high.,Oak,Oak,Hardwood/appearance board,None,2x4x10,Oak Board,OakBoard,High,Yes,Oak is broad; red/white oak should be separated if known.,public terminology + synthetic seller-style alias,https://www.homedepot.com/c/ab/types-of-lumber/9ba683603be9fa5395fab90567851db; https://www.lowes.com/n/buying-guide/lumber-buying-guide
LLX-0435,Builder Supply,OAK HARDWOOD 2x6x8 Select,Seller-style listing for OAK HARDWOOD 2x6x8 Select. Intended category: Hardwood/appearance board. Use normalized mapping with caution when ambiguity is high.,Oak,Oak,Hardwood/appearance board,None,2x6x8,Oak Hardwood,OAK HARDWOOD,High,Yes,Oak is broad; red/white oak should be separated if known.,public terminology + synthetic seller-style alias,https://www.homedepot.com/c/ab/types-of-lumber/9ba683603be9fa5395fab90567851db; https://www.lowes.com/n/buying-guide/lumber-buying-guide
LLX-0436,Contractor Catalog,oak hardwood 4x4x8 Common,Seller-style listing for oak hardwood 4x4x8 Common. Intended category: Hardwood/appearance board. Use normalized mapping with caution when ambiguity is high.,Oak,Oak,Hardwood/appearance board,None,4x4x8,Oak Hardwood,oak hardwood,High,Yes,Oak is broad; red/white oak should be separated if known.,public terminology + synthetic seller-style alias,https://www.homedepot.com/c/ab/types-of-lumber/9ba683603be9fa5395fab90567851db; https://www.lowes.com/n/buying-guide/lumber-buying-guide
LLX-0437,Vendor Price Sheet,OakHardwood 3/4x4x8 KD,Seller-style listing for OakHardwood 3/4x4x8 KD. Intended category: Hardwood/appearance board. Use normalized mapping with caution when ambiguity is high.,Oak,Oak,Hardwood/appearance board,None,3/4x4x8,Oak Hardwood,OakHardwood,High,Yes,Oak is broad; red/white oak should be separated if known.,public terminology + synthetic seller-style alias,https://www.homedepot.com/c/ab/types-of-lumber/9ba683603be9fa5395fab90567851db; https://www.lowes.com/n/buying-guide/lumber-buying-guide
LLX-0438,ERP Legacy Import,Oak S4S 15/32x4x8 Common,Seller-style listing for Oak S4S 15/32x4x8 Common. Intended category: Hardwood/appearance board. Use normalized mapping with caution when ambiguity is high.,Oak,Oak,Hardwood/appearance board,None,15/32x4x8,Oak S4S,Oak S4S,High,Yes,Oak is broad; red/white oak should be separated if known.,public terminology + synthetic seller-style alias,https://www.homedepot.com/c/ab/types-of-lumber/9ba683603be9fa5395fab90567851db; https://www.lowes.com/n/buying-guide/lumber-buying-guide
LLX-0439,Home Depot,OAK S4S 2x4x10 KD,Seller-style listing for OAK S4S 2x4x10 KD. Intended category: Hardwood/appearance board. Use normalized mapping with caution when ambiguity is high.,Oak,Oak,Hardwood/appearance board,None,2x4x10,Oak S4S,OAK S4S,High,Yes,Oak is broad; red/white oak should be separated if known.,public terminology + synthetic seller-style alias,https://www.homedepot.com/c/ab/types-of-lumber/9ba683603be9fa5395fab90567851db; https://www.lowes.com/n/buying-guide/lumber-buying-guide
LLX-0440,Menards,Oak-S4S 2 x 10 x 12 #2,Seller-style listing for Oak-S4S 2 x 10 x 12 #2. Intended category: Hardwood/appearance board. Use normalized mapping with caution when ambiguity is high.,Oak,Oak,Hardwood/appearance board,None,2x10x12,Oak S4S,Oak-S4S,High,Yes,Oak is broad; red/white oak should be separated if known.,public terminology + synthetic seller-style alias,https://www.homedepot.com/c/ab/types-of-lumber/9ba683603be9fa5395fab90567851db; https://www.lowes.com/n/buying-guide/lumber-buying-guide
LLX-0441,Lowes,RedOakBoard 4x4x8 KD Lumber,Seller-style listing for RedOakBoard 4x4x8 KD Lumber. Intended category: Hardwood/appearance board. Use normalized mapping with caution when ambiguity is high.,Oak,Oak,Hardwood/appearance board,None,4x4x8,Red Oak Board,RedOakBoard,High,Yes,Oak is broad; red/white oak should be separated if known.,public terminology + synthetic seller-style alias,https://www.homedepot.com/c/ab/types-of-lumber/9ba683603be9fa5395fab90567851db; https://www.lowes.com/n/buying-guide/lumber-buying-guide
LLX-0442,84 Lumber,Red-Oak-Board 3/4x4x8 #2,Seller-style listing for Red-Oak-Board 3/4x4x8 #2. Intended category: Hardwood/appearance board. Use normalized mapping with caution when ambiguity is high.,Oak,Oak,Hardwood/appearance board,None,3/4x4x8,Red Oak Board,Red-Oak-Board,High,Yes,Oak is broad; red/white oak should be separated if known.,public terminology + synthetic seller-style alias,https://www.homedepot.com/c/ab/types-of-lumber/9ba683603be9fa5395fab90567851db; https://www.lowes.com/n/buying-guide/lumber-buying-guide
LLX-0443,Builder Supply,Red Oak Board 2x4x92-5/8 Select,Seller-style listing for Red Oak Board 2x4x92-5/8 Select. Intended category: Hardwood/appearance board. Use normalized mapping with caution when ambiguity is high.,Oak,Oak,Hardwood/appearance board,None,2x4x92-5/8,Red Oak Board,Red Oak Board,High,Yes,Oak is broad; red/white oak should be separated if known.,public terminology + synthetic seller-style alias,https://www.homedepot.com/c/ab/types-of-lumber/9ba683603be9fa5395fab90567851db; https://www.lowes.com/n/buying-guide/lumber-buying-guide
LLX-0444,Local Yard,white oak board 2x4x10 #2,Seller-style listing for white oak board 2x4x10 #2. Intended category: Hardwood/appearance board. Use normalized mapping with caution when ambiguity is high.,Oak,Oak,Hardwood/appearance board,None,2x4x10,White Oak Board,white oak board,High,Yes,Oak is broad; red/white oak should be separated if known.,public terminology + synthetic seller-style alias,https://www.homedepot.com/c/ab/types-of-lumber/9ba683603be9fa5395fab90567851db; https://www.lowes.com/n/buying-guide/lumber-buying-guide
LLX-0445,Independent Lumberyard,WHITE OAK BOARD 2x10x12 Select,Seller-style listing for WHITE OAK BOARD 2x10x12 Select. Intended category: Hardwood/appearance board. Use normalized mapping with caution when ambiguity is high.,Oak,Oak,Hardwood/appearance board,None,2x10x12,White Oak Board,WHITE OAK BOARD,High,Yes,Oak is broad; red/white oak should be separated if known.,public terminology + synthetic seller-style alias,https://www.homedepot.com/c/ab/types-of-lumber/9ba683603be9fa5395fab90567851db; https://www.lowes.com/n/buying-guide/lumber-buying-guide
LLX-0446,ERP Legacy Import,White Oak Board 5/4x6x12 Common,Seller-style listing for White Oak Board 5/4x6x12 Common. Intended category: Hardwood/appearance board. Use normalized mapping with caution when ambiguity is high.,Oak,Oak,Hardwood/appearance board,None,5/4x6x12,White Oak Board,White Oak Board,High,Yes,Oak is broad; red/white oak should be separated if known.,public terminology + synthetic seller-style alias,https://www.homedepot.com/c/ab/types-of-lumber/9ba683603be9fa5395fab90567851db; https://www.lowes.com/n/buying-guide/lumber-buying-guide
LLX-0447,Contractor Catalog,Oak Project Board 3/4x4x8 Select,Seller-style listing for Oak Project Board 3/4x4x8 Select. Intended category: Hardwood/appearance board. Use normalized mapping with caution when ambiguity is high.,Oak,Oak,Hardwood/appearance board,None,3/4x4x8,Oak Project Board,Oak Project Board,High,Yes,Oak is broad; red/white oak should be separated if known.,public terminology + synthetic seller-style alias,https://www.homedepot.com/c/ab/types-of-lumber/9ba683603be9fa5395fab90567851db; https://www.lowes.com/n/buying-guide/lumber-buying-guide
LLX-0448,Vendor Price Sheet,oak project board 2x4x92-5/8 Common Lumber,Seller-style listing for oak project board 2x4x92-5/8 Common Lumber. Intended category: Hardwood/appearance board. Use normalized mapping with caution when ambiguity is high.,Oak,Oak,Hardwood/appearance board,None,2x4x92-5/8,Oak Project Board,oak project board,High,Yes,Oak is broad; red/white oak should be separated if known.,public terminology + synthetic seller-style alias,https://www.homedepot.com/c/ab/types-of-lumber/9ba683603be9fa5395fab90567851db; https://www.lowes.com/n/buying-guide/lumber-buying-guide
LLX-0449,Lowes,OakProjectBoard 2x8x10 KD,Seller-style listing for OakProjectBoard 2x8x10 KD. Intended category: Hardwood/appearance board. Use normalized mapping with caution when ambiguity is high.,Oak,Oak,Hardwood/appearance board,None,2x8x10,Oak Project Board,OakProjectBoard,High,Yes,Oak is broad; red/white oak should be separated if known.,public terminology + synthetic seller-style alias,https://www.homedepot.com/c/ab/types-of-lumber/9ba683603be9fa5395fab90567851db; https://www.lowes.com/n/buying-guide/lumber-buying-guide
LLX-0450,Home Depot,ro 2x10x12 Common,Seller-style listing for ro 2x10x12 Common. Intended category: Hardwood/appearance board. Use normalized mapping with caution when ambiguity is high.,Oak,Oak,Hardwood/appearance board,None,2x10x12,RO,ro,High,Yes,Oak is broad; red/white oak should be separated if known.,public terminology + synthetic seller-style alias,https://www.homedepot.com/c/ab/types-of-lumber/9ba683603be9fa5395fab90567851db; https://www.lowes.com/n/buying-guide/lumber-buying-guide
LLX-0451,Menards,RO 5/4 x 6 x 12 KD,Seller-style listing for RO 5/4 x 6 x 12 KD. Intended category: Hardwood/appearance board. Use normalized mapping with caution when ambiguity is high.,Oak,Oak,Hardwood/appearance board,None,5/4x6x12,RO,RO,High,Yes,Oak is broad; red/white oak should be separated if known.,public terminology + synthetic seller-style alias,https://www.homedepot.com/c/ab/types-of-lumber/9ba683603be9fa5395fab90567851db; https://www.lowes.com/n/buying-guide/lumber-buying-guide
LLX-0452,Menards,WO 15/32x4x8 S4S,Seller-style listing for WO 15/32x4x8 S4S. Intended category: Hardwood/appearance board. Use normalized mapping with caution when ambiguity is high.,Oak,Oak,Hardwood/appearance board,None,15/32x4x8,WO,WO,High,Yes,Oak is broad; red/white oak should be separated if known.,public terminology + synthetic seller-style alias,https://www.homedepot.com/c/ab/types-of-lumber/9ba683603be9fa5395fab90567851db; https://www.lowes.com/n/buying-guide/lumber-buying-guide
LLX-0453,Local Yard,wo 2x4x10 Sanded,Seller-style listing for wo 2x4x10 Sanded. Intended category: Hardwood/appearance board. Use normalized mapping with caution when ambiguity is high.,Oak,Oak,Hardwood/appearance board,None,2x4x10,WO,wo,High,Yes,Oak is broad; red/white oak should be separated if known.,public terminology + synthetic seller-style alias,https://www.homedepot.com/c/ab/types-of-lumber/9ba683603be9fa5395fab90567851db; https://www.lowes.com/n/buying-guide/lumber-buying-guide
LLX-0454,Local Yard,Hardwood Oak 2x6x12 Kiln Dried,Seller-style listing for Hardwood Oak 2x6x12 Kiln Dried. Intended category: Hardwood/appearance board. Use normalized mapping with caution when ambiguity is high.,Oak,Oak,Hardwood/appearance board,None,2x6x12,Hardwood Oak,Hardwood Oak,High,Yes,Oak is broad; red/white oak should be separated if known.,public terminology + synthetic seller-style alias,https://www.homedepot.com/c/ab/types-of-lumber/9ba683603be9fa5395fab90567851db; https://www.lowes.com/n/buying-guide/lumber-buying-guide
LLX-0455,Independent Lumberyard,HARDWOOD OAK 1x4x8 No. 2 Lumber,Seller-style listing for HARDWOOD OAK 1x4x8 No. 2 Lumber. Intended category: Hardwood/appearance board. Use normalized mapping with caution when ambiguity is high.,Oak,Oak,Hardwood/appearance board,None,1x4x8,Hardwood Oak,HARDWOOD OAK,High,Yes,Oak is broad; red/white oak should be separated if known.,public terminology + synthetic seller-style alias,https://www.homedepot.com/c/ab/types-of-lumber/9ba683603be9fa5395fab90567851db; https://www.lowes.com/n/buying-guide/lumber-buying-guide
LLX-0456,ERP Legacy Import,Hardwood-Oak 15/32x4x8 Stud Grade,Seller-style listing for Hardwood-Oak 15/32x4x8 Stud Grade. Intended category: Hardwood/appearance board. Use normalized mapping with caution when ambiguity is high.,Oak,Oak,Hardwood/appearance board,None,15/32x4x8,Hardwood Oak,Hardwood-Oak,High,Yes,Oak is broad; red/white oak should be separated if known.,public terminology + synthetic seller-style alias,https://www.homedepot.com/c/ab/types-of-lumber/9ba683603be9fa5395fab90567851db; https://www.lowes.com/n/buying-guide/lumber-buying-guide
LLX-0457,Contractor Catalog,Maple 7/16x4x8 No. 2,Seller-style listing for Maple 7/16x4x8 No. 2. Intended category: Hardwood/appearance board. Use normalized mapping with caution when ambiguity is high.,Maple,Maple,Hardwood/appearance board,None,7/16x4x8,Maple,Maple,High,Yes,"Maple may mean hard, soft, or mixed maple unless specified.",public terminology + synthetic seller-style alias,https://www.homedepot.com/c/ab/types-of-lumber/9ba683603be9fa5395fab90567851db; https://www.lowes.com/n/buying-guide/lumber-buying-guide
LLX-0458,Vendor Price Sheet,MAPLE 2x6x8 Stud Grade,Seller-style listing for MAPLE 2x6x8 Stud Grade. Intended category: Hardwood/appearance board. Use normalized mapping with caution when ambiguity is high.,Maple,Maple,Hardwood/appearance board,None,2x6x8,Maple,MAPLE,High,Yes,"Maple may mean hard, soft, or mixed maple unless specified.",public terminology + synthetic seller-style alias,https://www.homedepot.com/c/ab/types-of-lumber/9ba683603be9fa5395fab90567851db; https://www.lowes.com/n/buying-guide/lumber-buying-guide
LLX-0459,Lowes,maple 4x4x8 Appearance,Seller-style listing for maple 4x4x8 Appearance. Intended category: Hardwood/appearance board. Use normalized mapping with caution when ambiguity is high.,Maple,Maple,Hardwood/appearance board,None,4x4x8,Maple,maple,High,Yes,"Maple may mean hard, soft, or mixed maple unless specified.",public terminology + synthetic seller-style alias,https://www.homedepot.com/c/ab/types-of-lumber/9ba683603be9fa5395fab90567851db; https://www.lowes.com/n/buying-guide/lumber-buying-guide
LLX-0460,Home Depot,Hard-Maple 1x4x8 Stud Grade,Seller-style listing for Hard-Maple 1x4x8 Stud Grade. Intended category: Hardwood/appearance board. Use normalized mapping with caution when ambiguity is high.,Maple,Maple,Hardwood/appearance board,None,1x4x8,Hard Maple,Hard-Maple,High,Yes,"Maple may mean hard, soft, or mixed maple unless specified.",public terminology + synthetic seller-style alias,https://www.homedepot.com/c/ab/types-of-lumber/9ba683603be9fa5395fab90567851db; https://www.lowes.com/n/buying-guide/lumber-buying-guide
LLX-0461,Menards,HardMaple 15/32x4x8 Appearance,Seller-style listing for HardMaple 15/32x4x8 Appearance. Intended category: Hardwood/appearance board. Use normalized mapping with caution when ambiguity is high.,Maple,Maple,Hardwood/appearance board,None,15/32x4x8,Hard Maple,HardMaple,High,Yes,"Maple may mean hard, soft, or mixed maple unless specified.",public terminology + synthetic seller-style alias,https://www.homedepot.com/c/ab/types-of-lumber/9ba683603be9fa5395fab90567851db; https://www.lowes.com/n/buying-guide/lumber-buying-guide
LLX-0462,Local Yard,hard maple 2 x 4 x 10 Kiln Dried Lumber,Seller-style listing for hard maple 2 x 4 x 10 Kiln Dried Lumber. Intended category: Hardwood/appearance board. Use normalized mapping with caution when ambiguity is high.,Maple,Maple,Hardwood/appearance board,None,2x4x10,Hard Maple,hard maple,High,Yes,"Maple may mean hard, soft, or mixed maple unless specified.",public terminology + synthetic seller-style alias,https://www.homedepot.com/c/ab/types-of-lumber/9ba683603be9fa5395fab90567851db; https://www.lowes.com/n/buying-guide/lumber-buying-guide
LLX-0463,84 Lumber,Soft-Maple 2x6x8 Appearance,Seller-style listing for Soft-Maple 2x6x8 Appearance. Intended category: Hardwood/appearance board. Use normalized mapping with caution when ambiguity is high.,Maple,Maple,Hardwood/appearance board,None,2x6x8,Soft Maple,Soft-Maple,High,Yes,"Maple may mean hard, soft, or mixed maple unless specified.",public terminology + synthetic seller-style alias,https://www.homedepot.com/c/ab/types-of-lumber/9ba683603be9fa5395fab90567851db; https://www.lowes.com/n/buying-guide/lumber-buying-guide
LLX-0464,Builder Supply,Soft Maple 4x4x8 Kiln Dried,Seller-style listing for Soft Maple 4x4x8 Kiln Dried. Intended category: Hardwood/appearance board. Use normalized mapping with caution when ambiguity is high.,Maple,Maple,Hardwood/appearance board,None,4x4x8,Soft Maple,Soft Maple,High,Yes,"Maple may mean hard, soft, or mixed maple unless specified.",public terminology + synthetic seller-style alias,https://www.homedepot.com/c/ab/types-of-lumber/9ba683603be9fa5395fab90567851db; https://www.lowes.com/n/buying-guide/lumber-buying-guide
LLX-0465,Contractor Catalog,soft maple 3/4x4x8 No. 2,Seller-style listing for soft maple 3/4x4x8 No. 2. Intended category: Hardwood/appearance board. Use normalized mapping with caution when ambiguity is high.,Maple,Maple,Hardwood/appearance board,None,3/4x4x8,Soft Maple,soft maple,High,Yes,"Maple may mean hard, soft, or mixed maple unless specified.",public terminology + synthetic seller-style alias,https://www.homedepot.com/c/ab/types-of-lumber/9ba683603be9fa5395fab90567851db; https://www.lowes.com/n/buying-guide/lumber-buying-guide
LLX-0466,Independent Lumberyard,MapleBoard 15/32x4x8 Kiln Dried,Seller-style listing for MapleBoard 15/32x4x8 Kiln Dried. Intended category: Hardwood/appearance board. Use normalized mapping with caution when ambiguity is high.,Maple,Maple,Hardwood/appearance board,None,15/32x4x8,Maple Board,MapleBoard,High,Yes,"Maple may mean hard, soft, or mixed maple unless specified.",public terminology + synthetic seller-style alias,https://www.homedepot.com/c/ab/types-of-lumber/9ba683603be9fa5395fab90567851db; https://www.lowes.com/n/buying-guide/lumber-buying-guide
LLX-0467,ERP Legacy Import,maple board 2x4x10 No. 2,Seller-style listing for maple board 2x4x10 No. 2. Intended category: Hardwood/appearance board. Use normalized mapping with caution when ambiguity is high.,Maple,Maple,Hardwood/appearance board,None,2x4x10,Maple Board,maple board,High,Yes,"Maple may mean hard, soft, or mixed maple unless specified.",public terminology + synthetic seller-style alias,https://www.homedepot.com/c/ab/types-of-lumber/9ba683603be9fa5395fab90567851db; https://www.lowes.com/n/buying-guide/lumber-buying-guide
LLX-0468,Home Depot,Maple Board 2x10x12 Stud Grade,Seller-style listing for Maple Board 2x10x12 Stud Grade. Intended category: Hardwood/appearance board. Use normalized mapping with caution when ambiguity is high.,Maple,Maple,Hardwood/appearance board,None,2x10x12,Maple Board,Maple Board,High,Yes,"Maple may mean hard, soft, or mixed maple unless specified.",public terminology + synthetic seller-style alias,https://www.homedepot.com/c/ab/types-of-lumber/9ba683603be9fa5395fab90567851db; https://www.lowes.com/n/buying-guide/lumber-buying-guide
LLX-0469,Vendor Price Sheet,maple hardwood 4x4x8 No. 2 Lumber,Seller-style listing for maple hardwood 4x4x8 No. 2 Lumber. Intended category: Hardwood/appearance board. Use normalized mapping with caution when ambiguity is high.,Maple,Maple,Hardwood/appearance board,None,4x4x8,Maple Hardwood,maple hardwood,High,Yes,"Maple may mean hard, soft, or mixed maple unless specified.",public terminology + synthetic seller-style alias,https://www.homedepot.com/c/ab/types-of-lumber/9ba683603be9fa5395fab90567851db; https://www.lowes.com/n/buying-guide/lumber-buying-guide
LLX-0470,Lowes,MAPLE HARDWOOD 3/4x4x8 Stud Grade,Seller-style listing for MAPLE HARDWOOD 3/4x4x8 Stud Grade. Intended category: Hardwood/appearance board. Use normalized mapping with caution when ambiguity is high.,Maple,Maple,Hardwood/appearance board,None,3/4x4x8,Maple Hardwood,MAPLE HARDWOOD,High,Yes,"Maple may mean hard, soft, or mixed maple unless specified.",public terminology + synthetic seller-style alias,https://www.homedepot.com/c/ab/types-of-lumber/9ba683603be9fa5395fab90567851db; https://www.lowes.com/n/buying-guide/lumber-buying-guide
LLX-0471,84 Lumber,Maple Hardwood 2x4x92-5/8 Appearance,Seller-style listing for Maple Hardwood 2x4x92-5/8 Appearance. Intended category: Hardwood/appearance board. Use normalized mapping with caution when ambiguity is high.,Maple,Maple,Hardwood/appearance board,None,2x4x92-5/8,Maple Hardwood,Maple Hardwood,High,Yes,"Maple may mean hard, soft, or mixed maple unless specified.",public terminology + synthetic seller-style alias,https://www.homedepot.com/c/ab/types-of-lumber/9ba683603be9fa5395fab90567851db; https://www.lowes.com/n/buying-guide/lumber-buying-guide
LLX-0472,Menards,Maple-S4S 2x4x10 Stud Grade,Seller-style listing for Maple-S4S 2x4x10 Stud Grade. Intended category: Hardwood/appearance board. Use normalized mapping with caution when ambiguity is high.,Maple,Maple,Hardwood/appearance board,None,2x4x10,Maple S4S,Maple-S4S,High,Yes,"Maple may mean hard, soft, or mixed maple unless specified.",public terminology + synthetic seller-style alias,https://www.homedepot.com/c/ab/types-of-lumber/9ba683603be9fa5395fab90567851db; https://www.lowes.com/n/buying-guide/lumber-buying-guide
LLX-0473,Local Yard,maple s4s 2 x 10 x 12 Appearance,Seller-style listing for maple s4s 2 x 10 x 12 Appearance. Intended category: Hardwood/appearance board. Use normalized mapping with caution when ambiguity is high.,Maple,Maple,Hardwood/appearance board,None,2x10x12,Maple S4S,maple s4s,High,Yes,"Maple may mean hard, soft, or mixed maple unless specified.",public terminology + synthetic seller-style alias,https://www.homedepot.com/c/ab/types-of-lumber/9ba683603be9fa5395fab90567851db; https://www.lowes.com/n/buying-guide/lumber-buying-guide
LLX-0474,Independent Lumberyard,MAPLE S4S 5/4x6x12 Kiln Dried,Seller-style listing for MAPLE S4S 5/4x6x12 Kiln Dried. Intended category: Hardwood/appearance board. Use normalized mapping with caution when ambiguity is high.,Maple,Maple,Hardwood/appearance board,None,5/4x6x12,Maple S4S,MAPLE S4S,High,Yes,"Maple may mean hard, soft, or mixed maple unless specified.",public terminology + synthetic seller-style alias,https://www.homedepot.com/c/ab/types-of-lumber/9ba683603be9fa5395fab90567851db; https://www.lowes.com/n/buying-guide/lumber-buying-guide
LLX-0475,Builder Supply,Maple Project Board 3/4x4x8 Appearance,Seller-style listing for Maple Project Board 3/4x4x8 Appearance. Intended category: Hardwood/appearance board. Use normalized mapping with caution when ambiguity is high.,Maple,Maple,Hardwood/appearance board,None,3/4x4x8,Maple Project Board,Maple Project Board,High,Yes,"Maple may mean hard, soft, or mixed maple unless specified.",public terminology + synthetic seller-style alias,https://www.homedepot.com/c/ab/types-of-lumber/9ba683603be9fa5395fab90567851db; https://www.lowes.com/n/buying-guide/lumber-buying-guide
LLX-0476,Contractor Catalog,MapleProjectBoard 2x4x92-5/8 Kiln Dried Lumber,Seller-style listing for MapleProjectBoard 2x4x92-5/8 Kiln Dried Lumber. Intended category: Hardwood/appearance board. Use normalized mapping with caution when ambiguity is high.,Maple,Maple,Hardwood/appearance board,None,2x4x92-5/8,Maple Project Board,MapleProjectBoard,High,Yes,"Maple may mean hard, soft, or mixed maple unless specified.",public terminology + synthetic seller-style alias,https://www.homedepot.com/c/ab/types-of-lumber/9ba683603be9fa5395fab90567851db; https://www.lowes.com/n/buying-guide/lumber-buying-guide
LLX-0477,Vendor Price Sheet,Maple-Project-Board 2x8x10 No. 2,Seller-style listing for Maple-Project-Board 2x8x10 No. 2. Intended category: Hardwood/appearance board. Use normalized mapping with caution when ambiguity is high.,Maple,Maple,Hardwood/appearance board,None,2x8x10,Maple Project Board,Maple-Project-Board,High,Yes,"Maple may mean hard, soft, or mixed maple unless specified.",public terminology + synthetic seller-style alias,https://www.homedepot.com/c/ab/types-of-lumber/9ba683603be9fa5395fab90567851db; https://www.lowes.com/n/buying-guide/lumber-buying-guide
LLX-0478,ERP Legacy Import,hm 2x10x12 Kiln Dried,Seller-style listing for hm 2x10x12 Kiln Dried. Intended category: Hardwood/appearance board. Use normalized mapping with caution when ambiguity is high.,Maple,Maple,Hardwood/appearance board,None,2x10x12,HM,hm,High,Yes,"Maple may mean hard, soft, or mixed maple unless specified.",public terminology + synthetic seller-style alias,https://www.homedepot.com/c/ab/types-of-lumber/9ba683603be9fa5395fab90567851db; https://www.lowes.com/n/buying-guide/lumber-buying-guide
LLX-0479,Home Depot,HM 5/4x6x12 No. 2,Seller-style listing for HM 5/4x6x12 No. 2. Intended category: Hardwood/appearance board. Use normalized mapping with caution when ambiguity is high.,Maple,Maple,Hardwood/appearance board,None,5/4x6x12,HM,HM,High,Yes,"Maple may mean hard, soft, or mixed maple unless specified.",public terminology + synthetic seller-style alias,https://www.homedepot.com/c/ab/types-of-lumber/9ba683603be9fa5395fab90567851db; https://www.lowes.com/n/buying-guide/lumber-buying-guide
LLX-0480,Home Depot,sm 15/32x4x8 #2,Seller-style listing for sm 15/32x4x8 #2. Intended category: Hardwood/appearance board. Use normalized mapping with caution when ambiguity is high.,Maple,Maple,Hardwood/appearance board,None,15/32x4x8,SM,sm,High,Yes,"Maple may mean hard, soft, or mixed maple unless specified.",public terminology + synthetic seller-style alias,https://www.homedepot.com/c/ab/types-of-lumber/9ba683603be9fa5395fab90567851db; https://www.lowes.com/n/buying-guide/lumber-buying-guide
LLX-0481,Menards,SM 2x4x10 Select,Seller-style listing for SM 2x4x10 Select. Intended category: Hardwood/appearance board. Use normalized mapping with caution when ambiguity is high.,Maple,Maple,Hardwood/appearance board,None,2x4x10,SM,SM,High,Yes,"Maple may mean hard, soft, or mixed maple unless specified.",public terminology + synthetic seller-style alias,https://www.homedepot.com/c/ab/types-of-lumber/9ba683603be9fa5395fab90567851db; https://www.lowes.com/n/buying-guide/lumber-buying-guide
LLX-0482,Menards,MIXED MAPLE 2x6x12 #2&BTR,Seller-style listing for MIXED MAPLE 2x6x12 #2&BTR. Intended category: Hardwood/appearance board. Use normalized mapping with caution when ambiguity is high.,Maple,Maple,Hardwood/appearance board,None,2x6x12,Mixed Maple,MIXED MAPLE,High,Yes,"Maple may mean hard, soft, or mixed maple unless specified.",public terminology + synthetic seller-style alias,https://www.homedepot.com/c/ab/types-of-lumber/9ba683603be9fa5395fab90567851db; https://www.lowes.com/n/buying-guide/lumber-buying-guide
LLX-0483,Local Yard,Mixed-Maple 1x4x8 Prime Lumber,Seller-style listing for Mixed-Maple 1x4x8 Prime Lumber. Intended category: Hardwood/appearance board. Use normalized mapping with caution when ambiguity is high.,Maple,Maple,Hardwood/appearance board,None,1x4x8,Mixed Maple,Mixed-Maple,High,Yes,"Maple may mean hard, soft, or mixed maple unless specified.",public terminology + synthetic seller-style alias,https://www.homedepot.com/c/ab/types-of-lumber/9ba683603be9fa5395fab90567851db; https://www.lowes.com/n/buying-guide/lumber-buying-guide
LLX-0484,Independent Lumberyard,mi x ed maple 15/32 x 4 x 8 S4S,Seller-style listing for mi x ed maple 15/32 x 4 x 8 S4S. Intended category: Hardwood/appearance board. Use normalized mapping with caution when ambiguity is high.,Maple,Maple,Hardwood/appearance board,None,15/32x4x8,Mixed Maple,mixed maple,High,Yes,"Maple may mean hard, soft, or mixed maple unless specified.",public terminology + synthetic seller-style alias,https://www.homedepot.com/c/ab/types-of-lumber/9ba683603be9fa5395fab90567851db; https://www.lowes.com/n/buying-guide/lumber-buying-guide
LLX-0485,Builder Supply,7/16x4x8 Birch Plywood,Seller-style listing for 7/16x4x8 Birch Plywood. Intended category: Plywood/panel. Use normalized mapping with caution when ambiguity is medium.,Birch Plywood,Birch,Plywood/panel,None,7/16x4x8,Birch Plywood,Birch Plywood,Medium,No,Panel products need grade/thickness normalization in addition to species.,public terminology + synthetic seller-style alias,https://www.lowes.com/n/buying-guide/lumber-buying-guide
LLX-0486,Contractor Catalog,3/4x4x8 Birch-Plywood,Seller-style listing for 3/4x4x8 Birch-Plywood. Intended category: Plywood/panel. Use normalized mapping with caution when ambiguity is medium.,Birch Plywood,Birch,Plywood/panel,None,2x6x8,Birch Plywood,Birch-Plywood,Medium,No,Panel products need grade/thickness normalization in addition to species.,public terminology + synthetic seller-style alias,https://www.lowes.com/n/buying-guide/lumber-buying-guide
LLX-0487,Vendor Price Sheet,4x4x8 BirchPlywood,Seller-style listing for 4x4x8 BirchPlywood. Intended category: Plywood/panel. Use normalized mapping with caution when ambiguity is medium.,Birch Plywood,Birch,Plywood/panel,None,4x4x8,Birch Plywood,BirchPlywood,Medium,No,Panel products need grade/thickness normalization in addition to species.,public terminology + synthetic seller-style alias,https://www.lowes.com/n/buying-guide/lumber-buying-guide
LLX-0488,ERP Legacy Import,1x4x8 BirchPly,Seller-style listing for 1x4x8 BirchPly. Intended category: Plywood/panel. Use normalized mapping with caution when ambiguity is medium.,Birch Plywood,Birch,Plywood/panel,None,1x4x8,Birch Ply,BirchPly,Medium,No,Panel products need grade/thickness normalization in addition to species.,public terminology + synthetic seller-style alias,https://www.lowes.com/n/buying-guide/lumber-buying-guide
LLX-0489,Home Depot,15/32x4x8 birch ply,Seller-style listing for 15/32x4x8 birch ply. Intended category: Plywood/panel. Use normalized mapping with caution when ambiguity is medium.,Birch Plywood,Birch,Plywood/panel,None,15/32x4x8,Birch Ply,birch ply,Medium,No,Panel products need grade/thickness normalization in addition to species.,public terminology + synthetic seller-style alias,https://www.lowes.com/n/buying-guide/lumber-buying-guide
LLX-0490,Menards,3/4x4x8 Birch Ply Lumber,Seller-style listing for 3/4x4x8 Birch Ply Lumber. Intended category: Plywood/panel. Use normalized mapping with caution when ambiguity is medium.,Birch Plywood,Birch,Plywood/panel,None,2x4x10,Birch Ply,Birch Ply,Medium,No,Panel products need grade/thickness normalization in addition to species.,public terminology + synthetic seller-style alias,https://www.lowes.com/n/buying-guide/lumber-buying-guide
LLX-0491,Lowes,3/4x4x8 BIRCHPLYWD,Seller-style listing for 3/4x4x8 BIRCHPLYWD. Intended category: Plywood/panel. Use normalized mapping with caution when ambiguity is medium.,Birch Plywood,Birch,Plywood/panel,None,2x6x8,BIRCH PLYWD,BIRCHPLYWD,Medium,No,Panel products need grade/thickness normalization in addition to species.,public terminology + synthetic seller-style alias,https://www.lowes.com/n/buying-guide/lumber-buying-guide
LLX-0492,84 Lumber,4x4x8 BIRCH-PLYWD,Seller-style listing for 4x4x8 BIRCH-PLYWD. Intended category: Plywood/panel. Use normalized mapping with caution when ambiguity is medium.,Birch Plywood,Birch,Plywood/panel,None,4x4x8,BIRCH PLYWD,BIRCH-PLYWD,Medium,No,Panel products need grade/thickness normalization in addition to species.,public terminology + synthetic seller-style alias,https://www.lowes.com/n/buying-guide/lumber-buying-guide
LLX-0493,Builder Supply,3/4x4x8 birch plywd,Seller-style listing for 3/4x4x8 birch plywd. Intended category: Plywood/panel. Use normalized mapping with caution when ambiguity is medium.,Birch Plywood,Birch,Plywood/panel,None,3/4x4x8,BIRCH PLYWD,birch plywd,Medium,No,Panel products need grade/thickness normalization in addition to species.,public terminology + synthetic seller-style alias,https://www.lowes.com/n/buying-guide/lumber-buying-guide
LLX-0494,Local Yard,15/32x4x8 BIRCH PANEL,Seller-style listing for 15/32x4x8 BIRCH PANEL. Intended category: Plywood/panel. Use normalized mapping with caution when ambiguity is medium.,Birch Plywood,Birch,Plywood/panel,None,15/32x4x8,Birch Panel,BIRCH PANEL,Medium,No,Panel products need grade/thickness normalization in addition to species.,public terminology + synthetic seller-style alias,https://www.lowes.com/n/buying-guide/lumber-buying-guide
LLX-0495,Independent Lumberyard,3/4 x 4 x 8 birch panel,Seller-style listing for 3/4 x 4 x 8 birch panel. Intended category: Plywood/panel. Use normalized mapping with caution when ambiguity is medium.,Birch Plywood,Birch,Plywood/panel,None,2x4x10,Birch Panel,birch panel,Medium,No,Panel products need grade/thickness normalization in addition to species.,public terminology + synthetic seller-style alias,https://www.lowes.com/n/buying-guide/lumber-buying-guide
LLX-0496,ERP Legacy Import,3/4x4x8 Birch-Panel,Seller-style listing for 3/4x4x8 Birch-Panel. Intended category: Plywood/panel. Use normalized mapping with caution when ambiguity is medium.,Birch Plywood,Birch,Plywood/panel,None,2x10x12,Birch Panel,Birch-Panel,Medium,No,Panel products need grade/thickness normalization in addition to species.,public terminology + synthetic seller-style alias,https://www.lowes.com/n/buying-guide/lumber-buying-guide
LLX-0497,Contractor Catalog,4x4x8 CabinetBirch Lumber,Seller-style listing for 4x4x8 CabinetBirch Lumber. Intended category: Plywood/panel. Use normalized mapping with caution when ambiguity is medium.,Birch Plywood,Birch,Plywood/panel,None,4x4x8,Cabinet Birch,CabinetBirch,Medium,No,Panel products need grade/thickness normalization in addition to species.,public terminology + synthetic seller-style alias,https://www.lowes.com/n/buying-guide/lumber-buying-guide
LLX-0498,Vendor Price Sheet,3/4x4x8 cabinet birch,Seller-style listing for 3/4x4x8 cabinet birch. Intended category: Plywood/panel. Use normalized mapping with caution when ambiguity is medium.,Birch Plywood,Birch,Plywood/panel,None,3/4x4x8,Cabinet Birch,cabinet birch,Medium,No,Panel products need grade/thickness normalization in addition to species.,public terminology + synthetic seller-style alias,https://www.lowes.com/n/buying-guide/lumber-buying-guide
LLX-0499,Lowes,3/4x4x8 CABINET BIRCH,Seller-style listing for 3/4x4x8 CABINET BIRCH. Intended category: Plywood/panel. Use normalized mapping with caution when ambiguity is medium.,Birch Plywood,Birch,Plywood/panel,None,2x4x92-5/8,Cabinet Birch,CABINET BIRCH,Medium,No,Panel products need grade/thickness normalization in addition to species.,public terminology + synthetic seller-style alias,https://www.lowes.com/n/buying-guide/lumber-buying-guide
LLX-0500,Home Depot,3/4x4x8 Sanded-Birch-Plywood,Seller-style listing for 3/4x4x8 Sanded-Birch-Plywood. Intended category: Plywood/panel. Use normalized mapping with caution when ambiguity is medium.,Birch Plywood,Birch,Plywood/panel,None,2x4x10,Sanded Birch Plywood,Sanded-Birch-Plywood,Medium,No,Panel products need grade/thickness normalization in addition to species.,public terminology + synthetic seller-style alias,https://www.lowes.com/n/buying-guide/lumber-buying-guide
LLX-0501,Menards,3/4x4x8 SandedBirchPlywood,Seller-style listing for 3/4x4x8 SandedBirchPlywood. Intended category: Plywood/panel. Use normalized mapping with caution when ambiguity is medium.,Birch Plywood,Birch,Plywood/panel,None,2x10x12,Sanded Birch Plywood,SandedBirchPlywood,Medium,No,Panel products need grade/thickness normalization in addition to species.,public terminology + synthetic seller-style alias,https://www.lowes.com/n/buying-guide/lumber-buying-guide
LLX-0502,Local Yard,3/4x4x8 sanded birch plywood,Seller-style listing for 3/4x4x8 sanded birch plywood. Intended category: Plywood/panel. Use normalized mapping with caution when ambiguity is medium.,Birch Plywood,Birch,Plywood/panel,None,5/4x6x12,Sanded Birch Plywood,sanded birch plywood,Medium,No,Panel products need grade/thickness normalization in addition to species.,public terminology + synthetic seller-style alias,https://www.lowes.com/n/buying-guide/lumber-buying-guide
LLX-0503,84 Lumber,1/2 Birch Ply,Seller-style listing for 1/2 Birch Ply. Intended category: Plywood/panel. Use normalized mapping with caution when ambiguity is medium.,Birch Plywood,Birch,Plywood/panel,None,3/4x4x8,1/2 Birch Ply,1/2 Birch Ply,Medium,No,Panel products need grade/thickness normalization in addition to species.,public terminology + synthetic seller-style alias,https://www.lowes.com/n/buying-guide/lumber-buying-guide
LLX-0504,Builder Supply,1/2 BIRCH PLY Lumber,Seller-style listing for 1/2 BIRCH PLY Lumber. Intended category: Plywood/panel. Use normalized mapping with caution when ambiguity is medium.,Birch Plywood,Birch,Plywood/panel,None,2x4x92-5/8,1/2 Birch Ply,1/2 BIRCH PLY,Medium,No,Panel products need grade/thickness normalization in addition to species.,public terminology + synthetic seller-style alias,https://www.lowes.com/n/buying-guide/lumber-buying-guide
LLX-0505,Contractor Catalog,1/2 birch ply,Seller-style listing for 1/2 birch ply. Intended category: Plywood/panel. Use normalized mapping with caution when ambiguity is medium.,Birch Plywood,Birch,Plywood/panel,None,2x8x10,1/2 Birch Ply,1/2 birch ply,Medium,No,Panel products need grade/thickness normalization in addition to species.,public terminology + synthetic seller-style alias,https://www.lowes.com/n/buying-guide/lumber-buying-guide
LLX-0506,Independent Lumberyard,3/4 BIRCH PLYWOOD,Seller-style listing for 3/4 BIRCH PLYWOOD. Intended category: Plywood/panel. Use normalized mapping with caution when ambiguity is medium.,Birch Plywood,Birch,Plywood/panel,None,2x10x12,3/4 Birch Plywood,3/4 BIRCH PLYWOOD,Medium,No,Panel products need grade/thickness normalization in addition to species.,public terminology + synthetic seller-style alias,https://www.lowes.com/n/buying-guide/lumber-buying-guide
LLX-0507,ERP Legacy Import,3/4 birch plywood,Seller-style listing for 3/4 birch plywood. Intended category: Plywood/panel. Use normalized mapping with caution when ambiguity is medium.,Birch Plywood,Birch,Plywood/panel,None,5/4x6x12,3/4 Birch Plywood,3/4 birch plywood,Medium,No,Panel products need grade/thickness normalization in addition to species.,public terminology + synthetic seller-style alias,https://www.lowes.com/n/buying-guide/lumber-buying-guide
LLX-0508,Home Depot,3/4-Birch-Plywood,Seller-style listing for 3/4-Birch-Plywood. Intended category: Plywood/panel. Use normalized mapping with caution when ambiguity is medium.,Birch Plywood,Birch,Plywood/panel,None,2x4x8,3/4 Birch Plywood,3/4-Birch-Plywood,Medium,No,Panel products need grade/thickness normalization in addition to species.,public terminology + synthetic seller-style alias,https://www.lowes.com/n/buying-guide/lumber-buying-guide
LLX-0509,Vendor Price Sheet,3/4x4x8 BALTIC BIRCH,Seller-style listing for 3/4x4x8 BALTIC BIRCH. Intended category: Plywood/panel. Use normalized mapping with caution when ambiguity is medium.,Birch Plywood,Birch,Plywood/panel,None,2x4x92-5/8,Baltic Birch,BALTIC BIRCH,Medium,No,Panel products need grade/thickness normalization in addition to species.,public terminology + synthetic seller-style alias,https://www.lowes.com/n/buying-guide/lumber-buying-guide
LLX-0510,Lowes,3/4x4x8 Baltic-Birch,Seller-style listing for 3/4x4x8 Baltic-Birch. Intended category: Plywood/panel. Use normalized mapping with caution when ambiguity is medium.,Birch Plywood,Birch,Plywood/panel,None,2x8x10,Baltic Birch,Baltic-Birch,Medium,No,Panel products need grade/thickness normalization in addition to species.,public terminology + synthetic seller-style alias,https://www.lowes.com/n/buying-guide/lumber-buying-guide
LLX-0511,84 Lumber,3/4x4x8 BalticBirch Lumber,Seller-style listing for 3/4x4x8 BalticBirch Lumber. Intended category: Plywood/panel. Use normalized mapping with caution when ambiguity is medium.,Birch Plywood,Birch,Plywood/panel,None,1x6x8,Baltic Birch,BalticBirch,Medium,No,Panel products need grade/thickness normalization in addition to species.,public terminology + synthetic seller-style alias,https://www.lowes.com/n/buying-guide/lumber-buying-guide
LLX-0512,Menards,3/4x4x8 BB PLYWOOD,Seller-style listing for 3/4x4x8 BB PLYWOOD. Intended category: Plywood/panel. Use normalized mapping with caution when ambiguity is medium.,Birch Plywood,Birch,Plywood/panel,None,5/4x6x12,BB Plywood,BB PLYWOOD,Medium,No,Panel products need grade/thickness normalization in addition to species.,public terminology + synthetic seller-style alias,https://www.lowes.com/n/buying-guide/lumber-buying-guide
LLX-0513,Local Yard,2x4x8 BBPlywood,Seller-style listing for 2x4x8 BBPlywood. Intended category: Plywood/panel. Use normalized mapping with caution when ambiguity is medium.,Birch Plywood,Birch,Plywood/panel,None,2x4x8,BB Plywood,BBPlywood,Medium,No,Panel products need grade/thickness normalization in addition to species.,public terminology + synthetic seller-style alias,https://www.lowes.com/n/buying-guide/lumber-buying-guide
LLX-0514,Independent Lumberyard,3/4x4x8 BB Plywood,Seller-style listing for 3/4x4x8 BB Plywood. Intended category: Plywood/panel. Use normalized mapping with caution when ambiguity is medium.,Birch Plywood,Birch,Plywood/panel,None,2x6x12,BB Plywood,BB Plywood,Medium,No,Panel products need grade/thickness normalization in addition to species.,public terminology + synthetic seller-style alias,https://www.lowes.com/n/buying-guide/lumber-buying-guide
LLX-0515,Builder Supply,3/4x4x8 OSB,Seller-style listing for 3/4x4x8 OSB. Intended category: Panel/sheathing. Use normalized mapping with caution when ambiguity is low.,OSB,Engineered wood,Panel/sheathing,None,2x8x10,OSB,OSB,Low,No,OSB is an engineered panel; not solid lumber.,public terminology + synthetic seller-style alias,https://www.homedepot.com/c/ab/types-of-lumber/9ba683603be9fa5395fab90567851db; https://www.lowes.com/n/buying-guide/lumber-buying-guide
LLX-0516,Contractor Catalog,3/4x4x8 osb,Seller-style listing for 3/4x4x8 osb. Intended category: Panel/sheathing. Use normalized mapping with caution when ambiguity is low.,OSB,Engineered wood,Panel/sheathing,None,1x6x8,OSB,osb,Low,No,OSB is an engineered panel; not solid lumber.,public terminology + synthetic seller-style alias,https://www.homedepot.com/c/ab/types-of-lumber/9ba683603be9fa5395fab90567851db; https://www.lowes.com/n/buying-guide/lumber-buying-guide
LLX-0517,Contractor Catalog,3/4 x 4 x 8 OrientedStrandBoard,Seller-style listing for 3/4 x 4 x 8 OrientedStrandBoard. Intended category: Panel/sheathing. Use normalized mapping with caution when ambiguity is low.,OSB,Engineered wood,Panel/sheathing,None,3/4x4x8,Oriented Strand Board,OrientedStrandBoard,Low,No,OSB is an engineered panel; not solid lumber.,public terminology + synthetic seller-style alias,https://www.homedepot.com/c/ab/types-of-lumber/9ba683603be9fa5395fab90567851db; https://www.lowes.com/n/buying-guide/lumber-buying-guide
LLX-0518,Vendor Price Sheet,3/4x4x8 oriented strand board Lumber,Seller-style listing for 3/4x4x8 oriented strand board Lumber. Intended category: Panel/sheathing. Use normalized mapping with caution when ambiguity is low.,OSB,Engineered wood,Panel/sheathing,None,2x4x92-5/8,Oriented Strand Board,oriented strand board,Low,No,OSB is an engineered panel; not solid lumber.,public terminology + synthetic seller-style alias,https://www.homedepot.com/c/ab/types-of-lumber/9ba683603be9fa5395fab90567851db; https://www.lowes.com/n/buying-guide/lumber-buying-guide
LLX-0519,Lowes,3/4x4x8 Oriented-Strand-Board,Seller-style listing for 3/4x4x8 Oriented-Strand-Board. Intended category: Panel/sheathing. Use normalized mapping with caution when ambiguity is low.,OSB,Engineered wood,Panel/sheathing,None,2x8x10,Oriented Strand Board,Oriented-Strand-Board,Low,No,OSB is an engineered panel; not solid lumber.,public terminology + synthetic seller-style alias,https://www.homedepot.com/c/ab/types-of-lumber/9ba683603be9fa5395fab90567851db; https://www.lowes.com/n/buying-guide/lumber-buying-guide
LLX-0520,Home Depot,3/4x4x8 OSB Sheathing,Seller-style listing for 3/4x4x8 OSB Sheathing. Intended category: Panel/sheathing. Use normalized mapping with caution when ambiguity is low.,OSB,Engineered wood,Panel/sheathing,None,2x10x12,OSB Sheathing,OSB Sheathing,Low,No,OSB is an engineered panel; not solid lumber.,public terminology + synthetic seller-style alias,https://www.homedepot.com/c/ab/types-of-lumber/9ba683603be9fa5395fab90567851db; https://www.lowes.com/n/buying-guide/lumber-buying-guide
LLX-0521,Menards,3/4x4x8 OSB SHEATHING,Seller-style listing for 3/4x4x8 OSB SHEATHING. Intended category: Panel/sheathing. Use normalized mapping with caution when ambiguity is low.,OSB,Engineered wood,Panel/sheathing,None,5/4x6x12,OSB Sheathing,OSB SHEATHING,Low,No,OSB is an engineered panel; not solid lumber.,public terminology + synthetic seller-style alias,https://www.homedepot.com/c/ab/types-of-lumber/9ba683603be9fa5395fab90567851db; https://www.lowes.com/n/buying-guide/lumber-buying-guide
LLX-0522,Local Yard,2x4x8 OSB-Sheathing,Seller-style listing for 2x4x8 OSB-Sheathing. Intended category: Panel/sheathing. Use normalized mapping with caution when ambiguity is low.,OSB,Engineered wood,Panel/sheathing,None,2x4x8,OSB Sheathing,OSB-Sheathing,Low,No,OSB is an engineered panel; not solid lumber.,public terminology + synthetic seller-style alias,https://www.homedepot.com/c/ab/types-of-lumber/9ba683603be9fa5395fab90567851db; https://www.lowes.com/n/buying-guide/lumber-buying-guide
LLX-0523,84 Lumber,7/16OSB,Seller-style listing for 7/16OSB. Intended category: Panel/sheathing. Use normalized mapping with caution when ambiguity is low.,OSB,Engineered wood,Panel/sheathing,None,2x4x92-5/8,7/16 OSB,7/16OSB,Low,No,OSB is an engineered panel; not solid lumber.,public terminology + synthetic seller-style alias,https://www.homedepot.com/c/ab/types-of-lumber/9ba683603be9fa5395fab90567851db; https://www.lowes.com/n/buying-guide/lumber-buying-guide
LLX-0524,Builder Supply,7/16-OSB,Seller-style listing for 7/16-OSB. Intended category: Panel/sheathing. Use normalized mapping with caution when ambiguity is low.,OSB,Engineered wood,Panel/sheathing,None,2x8x10,7/16 OSB,7/16-OSB,Low,No,OSB is an engineered panel; not solid lumber.,public terminology + synthetic seller-style alias,https://www.homedepot.com/c/ab/types-of-lumber/9ba683603be9fa5395fab90567851db; https://www.lowes.com/n/buying-guide/lumber-buying-guide
LLX-0525,Contractor Catalog,7/16 OSB Lumber,Seller-style listing for 7/16 OSB Lumber. Intended category: Panel/sheathing. Use normalized mapping with caution when ambiguity is low.,OSB,Engineered wood,Panel/sheathing,None,1x6x8,7/16 OSB,7/16 OSB,Low,No,OSB is an engineered panel; not solid lumber.,public terminology + synthetic seller-style alias,https://www.homedepot.com/c/ab/types-of-lumber/9ba683603be9fa5395fab90567851db; https://www.lowes.com/n/buying-guide/lumber-buying-guide
LLX-0526,Independent Lumberyard,3/4x4x8 OSBPanel,Seller-style listing for 3/4x4x8 OSBPanel. Intended category: Panel/sheathing. Use normalized mapping with caution when ambiguity is low.,OSB,Engineered wood,Panel/sheathing,None,5/4x6x12,OSB Panel,OSBPanel,Low,No,OSB is an engineered panel; not solid lumber.,public terminology + synthetic seller-style alias,https://www.homedepot.com/c/ab/types-of-lumber/9ba683603be9fa5395fab90567851db; https://www.lowes.com/n/buying-guide/lumber-buying-guide
LLX-0527,ERP Legacy Import,2x4x8 OSB PANEL,Seller-style listing for 2x4x8 OSB PANEL. Intended category: Panel/sheathing. Use normalized mapping with caution when ambiguity is low.,OSB,Engineered wood,Panel/sheathing,None,2x4x8,OSB Panel,OSB PANEL,Low,No,OSB is an engineered panel; not solid lumber.,public terminology + synthetic seller-style alias,https://www.homedepot.com/c/ab/types-of-lumber/9ba683603be9fa5395fab90567851db; https://www.lowes.com/n/buying-guide/lumber-buying-guide
LLX-0528,Home Depot,3/4 x 4 x 8 osb panel,Seller-style listing for 3/4 x 4 x 8 osb panel. Intended category: Panel/sheathing. Use normalized mapping with caution when ambiguity is low.,OSB,Engineered wood,Panel/sheathing,None,2x6x12,OSB Panel,osb panel,Low,No,OSB is an engineered panel; not solid lumber.,public terminology + synthetic seller-style alias,https://www.homedepot.com/c/ab/types-of-lumber/9ba683603be9fa5395fab90567851db; https://www.lowes.com/n/buying-guide/lumber-buying-guide
LLX-0529,Vendor Price Sheet,3/4x4x8 OSB BOARD,Seller-style listing for 3/4x4x8 OSB BOARD. Intended category: Panel/sheathing. Use normalized mapping with caution when ambiguity is low.,OSB,Engineered wood,Panel/sheathing,None,2x8x10,OSB Board,OSB BOARD,Low,No,OSB is an engineered panel; not solid lumber.,public terminology + synthetic seller-style alias,https://www.homedepot.com/c/ab/types-of-lumber/9ba683603be9fa5395fab90567851db; https://www.lowes.com/n/buying-guide/lumber-buying-guide
LLX-0530,Lowes,3/4x4x8 osb board,Seller-style listing for 3/4x4x8 osb board. Intended category: Panel/sheathing. Use normalized mapping with caution when ambiguity is low.,OSB,Engineered wood,Panel/sheathing,None,1x6x8,OSB Board,osb board,Low,No,OSB is an engineered panel; not solid lumber.,public terminology + synthetic seller-style alias,https://www.homedepot.com/c/ab/types-of-lumber/9ba683603be9fa5395fab90567851db; https://www.lowes.com/n/buying-guide/lumber-buying-guide
LLX-0531,84 Lumber,7/16x4x8 OSB Board,Seller-style listing for 7/16x4x8 OSB Board. Intended category: Panel/sheathing. Use normalized mapping with caution when ambiguity is low.,OSB,Engineered wood,Panel/sheathing,None,7/16x4x8,OSB Board,OSB Board,Low,No,OSB is an engineered panel; not solid lumber.,public terminology + synthetic seller-style alias,https://www.homedepot.com/c/ab/types-of-lumber/9ba683603be9fa5395fab90567851db; https://www.lowes.com/n/buying-guide/lumber-buying-guide
LLX-0532,Menards,OSB 4X8 Lumber,Seller-style listing for OSB 4X8 Lumber. Intended category: Panel/sheathing. Use normalized mapping with caution when ambiguity is low.,OSB,Engineered wood,Panel/sheathing,None,2x4x8,OSB 4x8,OSB 4X8,Low,No,OSB is an engineered panel; not solid lumber.,public terminology + synthetic seller-style alias,https://www.homedepot.com/c/ab/types-of-lumber/9ba683603be9fa5395fab90567851db; https://www.lowes.com/n/buying-guide/lumber-buying-guide
LLX-0533,Local Yard,OSB 4x8,Seller-style listing for OSB 4x8. Intended category: Panel/sheathing. Use normalized mapping with caution when ambiguity is low.,OSB,Engineered wood,Panel/sheathing,None,2x6x12,OSB 4x8,OSB 4x8,Low,No,OSB is an engineered panel; not solid lumber.,public terminology + synthetic seller-style alias,https://www.homedepot.com/c/ab/types-of-lumber/9ba683603be9fa5395fab90567851db; https://www.lowes.com/n/buying-guide/lumber-buying-guide
LLX-0534,Independent Lumberyard,osb 4x8,Seller-style listing for osb 4x8. Intended category: Panel/sheathing. Use normalized mapping with caution when ambiguity is low.,OSB,Engineered wood,Panel/sheathing,None,1x4x8,OSB 4x8,osb 4x8,Low,No,OSB is an engineered panel; not solid lumber.,public terminology + synthetic seller-style alias,https://www.homedepot.com/c/ab/types-of-lumber/9ba683603be9fa5395fab90567851db; https://www.lowes.com/n/buying-guide/lumber-buying-guide
LLX-0535,Builder Supply,3/4x4x8 Oriented-Strand-Bd,Seller-style listing for 3/4x4x8 Oriented-Strand-Bd. Intended category: Panel/sheathing. Use normalized mapping with caution when ambiguity is low.,OSB,Engineered wood,Panel/sheathing,None,1x6x8,Oriented Strand Bd,Oriented-Strand-Bd,Low,No,OSB is an engineered panel; not solid lumber.,public terminology + synthetic seller-style alias,https://www.homedepot.com/c/ab/types-of-lumber/9ba683603be9fa5395fab90567851db; https://www.lowes.com/n/buying-guide/lumber-buying-guide
LLX-0536,Contractor Catalog,7/16x4x8 Oriented Strand Bd,Seller-style listing for 7/16x4x8 Oriented Strand Bd. Intended category: Panel/sheathing. Use normalized mapping with caution when ambiguity is low.,OSB,Engineered wood,Panel/sheathing,None,7/16x4x8,Oriented Strand Bd,Oriented Strand Bd,Low,No,OSB is an engineered panel; not solid lumber.,public terminology + synthetic seller-style alias,https://www.homedepot.com/c/ab/types-of-lumber/9ba683603be9fa5395fab90567851db; https://www.lowes.com/n/buying-guide/lumber-buying-guide
LLX-0537,Vendor Price Sheet,3/4x4x8 ORIENTED STRAND BD,Seller-style listing for 3/4x4x8 ORIENTED STRAND BD. Intended category: Panel/sheathing. Use normalized mapping with caution when ambiguity is low.,OSB,Engineered wood,Panel/sheathing,None,2x6x8,Oriented Strand Bd,ORIENTED STRAND BD,Low,No,OSB is an engineered panel; not solid lumber.,public terminology + synthetic seller-style alias,https://www.homedepot.com/c/ab/types-of-lumber/9ba683603be9fa5395fab90567851db; https://www.lowes.com/n/buying-guide/lumber-buying-guide
LLX-0538,ERP Legacy Import,3/4x4x8 sheathing osb,Seller-style listing for 3/4x4x8 sheathing osb. Intended category: Panel/sheathing. Use normalized mapping with caution when ambiguity is low.,OSB,Engineered wood,Panel/sheathing,None,2x6x12,Sheathing OSB,sheathing osb,Low,No,OSB is an engineered panel; not solid lumber.,public terminology + synthetic seller-style alias,https://www.homedepot.com/c/ab/types-of-lumber/9ba683603be9fa5395fab90567851db; https://www.lowes.com/n/buying-guide/lumber-buying-guide
LLX-0539,Home Depot,1 x 4 x 8 SHEATHING OSB Lumber,Seller-style listing for 1 x 4 x 8 SHEATHING OSB Lumber. Intended category: Panel/sheathing. Use normalized mapping with caution when ambiguity is low.,OSB,Engineered wood,Panel/sheathing,None,1x4x8,Sheathing OSB,SHEATHING OSB,Low,No,OSB is an engineered panel; not solid lumber.,public terminology + synthetic seller-style alias,https://www.homedepot.com/c/ab/types-of-lumber/9ba683603be9fa5395fab90567851db; https://www.lowes.com/n/buying-guide/lumber-buying-guide
LLX-0540,Menards,15/32x4x8 Sheathing OSB,Seller-style listing for 15/32x4x8 Sheathing OSB. Intended category: Panel/sheathing. Use normalized mapping with caution when ambiguity is low.,OSB,Engineered wood,Panel/sheathing,None,15/32x4x8,Sheathing OSB,Sheathing OSB,Low,No,OSB is an engineered panel; not solid lumber.,public terminology + synthetic seller-style alias,https://www.homedepot.com/c/ab/types-of-lumber/9ba683603be9fa5395fab90567851db; https://www.lowes.com/n/buying-guide/lumber-buying-guide
LLX-0541,Lowes,7/16x4x8 cdx,Seller-style listing for 7/16x4x8 cdx. Intended category: Panel/sheathing. Use normalized mapping with caution when ambiguity is medium.,CDX Plywood,Plywood,Panel/sheathing,None,7/16x4x8,CDX,cdx,Medium,No,"CDX is a plywood grade/construction term, not a species.",public terminology + synthetic seller-style alias,https://www.homedepot.com/c/ab/types-of-lumber/9ba683603be9fa5395fab90567851db; https://www.lowes.com/n/buying-guide/lumber-buying-guide
LLX-0542,84 Lumber,3/4x4x8 CDX,Seller-style listing for 3/4x4x8 CDX. Intended category: Panel/sheathing. Use normalized mapping with caution when ambiguity is medium.,CDX Plywood,Plywood,Panel/sheathing,None,2x6x8,CDX,CDX,Medium,No,"CDX is a plywood grade/construction term, not a species.",public terminology + synthetic seller-style alias,https://www.homedepot.com/c/ab/types-of-lumber/9ba683603be9fa5395fab90567851db; https://www.lowes.com/n/buying-guide/lumber-buying-guide
LLX-0543,84 Lumber,3/4x4x8 CDX Plywood,Seller-style listing for 3/4x4x8 CDX Plywood. Intended category: Panel/sheathing. Use normalized mapping with caution when ambiguity is medium.,CDX Plywood,Plywood,Panel/sheathing,None,2x8x10,CDX Plywood,CDX Plywood,Medium,No,"CDX is a plywood grade/construction term, not a species.",public terminology + synthetic seller-style alias,https://www.homedepot.com/c/ab/types-of-lumber/9ba683603be9fa5395fab90567851db; https://www.lowes.com/n/buying-guide/lumber-buying-guide
LLX-0544,Builder Supply,3/4x4x8 cdx plywood,Seller-style listing for 3/4x4x8 cdx plywood. Intended category: Panel/sheathing. Use normalized mapping with caution when ambiguity is medium.,CDX Plywood,Plywood,Panel/sheathing,None,1x6x8,CDX Plywood,cdx plywood,Medium,No,"CDX is a plywood grade/construction term, not a species.",public terminology + synthetic seller-style alias,https://www.homedepot.com/c/ab/types-of-lumber/9ba683603be9fa5395fab90567851db; https://www.lowes.com/n/buying-guide/lumber-buying-guide
LLX-0545,Contractor Catalog,7/16x4x8 CDX PLYWOOD,Seller-style listing for 7/16x4x8 CDX PLYWOOD. Intended category: Panel/sheathing. Use normalized mapping with caution when ambiguity is medium.,CDX Plywood,Plywood,Panel/sheathing,None,7/16x4x8,CDX Plywood,CDX PLYWOOD,Medium,No,"CDX is a plywood grade/construction term, not a species.",public terminology + synthetic seller-style alias,https://www.homedepot.com/c/ab/types-of-lumber/9ba683603be9fa5395fab90567851db; https://www.lowes.com/n/buying-guide/lumber-buying-guide
LLX-0546,Independent Lumberyard,2x4x8 ConstructionPlywood Lumber,Seller-style listing for 2x4x8 ConstructionPlywood Lumber. Intended category: Panel/sheathing. Use normalized mapping with caution when ambiguity is medium.,CDX Plywood,Plywood,Panel/sheathing,None,2x4x8,Construction Plywood,ConstructionPlywood,Medium,No,"CDX is a plywood grade/construction term, not a species.",public terminology + synthetic seller-style alias,https://www.homedepot.com/c/ab/types-of-lumber/9ba683603be9fa5395fab90567851db; https://www.lowes.com/n/buying-guide/lumber-buying-guide
LLX-0547,ERP Legacy Import,3/4x4x8 CONSTRUCTION PLYWOOD,Seller-style listing for 3/4x4x8 CONSTRUCTION PLYWOOD. Intended category: Panel/sheathing. Use normalized mapping with caution when ambiguity is medium.,CDX Plywood,Plywood,Panel/sheathing,None,2x6x12,Construction Plywood,CONSTRUCTION PLYWOOD,Medium,No,"CDX is a plywood grade/construction term, not a species.",public terminology + synthetic seller-style alias,https://www.homedepot.com/c/ab/types-of-lumber/9ba683603be9fa5395fab90567851db; https://www.lowes.com/n/buying-guide/lumber-buying-guide
LLX-0548,Home Depot,1x4x8 Construction-Plywood,Seller-style listing for 1x4x8 Construction-Plywood. Intended category: Panel/sheathing. Use normalized mapping with caution when ambiguity is medium.,CDX Plywood,Plywood,Panel/sheathing,None,1x4x8,Construction Plywood,Construction-Plywood,Medium,No,"CDX is a plywood grade/construction term, not a species.",public terminology + synthetic seller-style alias,https://www.homedepot.com/c/ab/types-of-lumber/9ba683603be9fa5395fab90567851db; https://www.lowes.com/n/buying-guide/lumber-buying-guide
LLX-0549,Vendor Price Sheet,3/4x4x8 SheathingPlywood,Seller-style listing for 3/4x4x8 SheathingPlywood. Intended category: Panel/sheathing. Use normalized mapping with caution when ambiguity is medium.,CDX Plywood,Plywood,Panel/sheathing,None,1x6x8,Sheathing Plywood,SheathingPlywood,Medium,No,"CDX is a plywood grade/construction term, not a species.",public terminology + synthetic seller-style alias,https://www.homedepot.com/c/ab/types-of-lumber/9ba683603be9fa5395fab90567851db; https://www.lowes.com/n/buying-guide/lumber-buying-guide
LLX-0550,Lowes,7/16 x 4 x 8 Sheathing Plywood,Seller-style listing for 7/16 x 4 x 8 Sheathing Plywood. Intended category: Panel/sheathing. Use normalized mapping with caution when ambiguity is medium.,CDX Plywood,Plywood,Panel/sheathing,None,7/16x4x8,Sheathing Plywood,Sheathing Plywood,Medium,No,"CDX is a plywood grade/construction term, not a species.",public terminology + synthetic seller-style alias,https://www.homedepot.com/c/ab/types-of-lumber/9ba683603be9fa5395fab90567851db; https://www.lowes.com/n/buying-guide/lumber-buying-guide
LLX-0551,84 Lumber,3/4x4x8 sheathing plywood,Seller-style listing for 3/4x4x8 sheathing plywood. Intended category: Panel/sheathing. Use normalized mapping with caution when ambiguity is medium.,CDX Plywood,Plywood,Panel/sheathing,None,2x6x8,Sheathing Plywood,sheathing plywood,Medium,No,"CDX is a plywood grade/construction term, not a species.",public terminology + synthetic seller-style alias,https://www.homedepot.com/c/ab/types-of-lumber/9ba683603be9fa5395fab90567851db; https://www.lowes.com/n/buying-guide/lumber-buying-guide
LLX-0552,Menards,3/4x4x8 CDX SHEATHING,Seller-style listing for 3/4x4x8 CDX SHEATHING. Intended category: Panel/sheathing. Use normalized mapping with caution when ambiguity is medium.,CDX Plywood,Plywood,Panel/sheathing,None,2x6x12,CDX Sheathing,CDX SHEATHING,Medium,No,"CDX is a plywood grade/construction term, not a species.",public terminology + synthetic seller-style alias,https://www.homedepot.com/c/ab/types-of-lumber/9ba683603be9fa5395fab90567851db; https://www.lowes.com/n/buying-guide/lumber-buying-guide
LLX-0553,Local Yard,1x4x8 CDX Sheathing Lumber,Seller-style listing for 1x4x8 CDX Sheathing Lumber. Intended category: Panel/sheathing. Use normalized mapping with caution when ambiguity is medium.,CDX Plywood,Plywood,Panel/sheathing,None,1x4x8,CDX Sheathing,CDX Sheathing,Medium,No,"CDX is a plywood grade/construction term, not a species.",public terminology + synthetic seller-style alias,https://www.homedepot.com/c/ab/types-of-lumber/9ba683603be9fa5395fab90567851db; https://www.lowes.com/n/buying-guide/lumber-buying-guide
LLX-0554,Independent Lumberyard,15/32x4x8 CDX-Sheathing,Seller-style listing for 15/32x4x8 CDX-Sheathing. Intended category: Panel/sheathing. Use normalized mapping with caution when ambiguity is medium.,CDX Plywood,Plywood,Panel/sheathing,None,15/32x4x8,CDX Sheathing,CDX-Sheathing,Medium,No,"CDX is a plywood grade/construction term, not a species.",public terminology + synthetic seller-style alias,https://www.homedepot.com/c/ab/types-of-lumber/9ba683603be9fa5395fab90567851db; https://www.lowes.com/n/buying-guide/lumber-buying-guide
LLX-0555,Builder Supply,7/16x4x8 PLYWOOD CDX,Seller-style listing for 7/16x4x8 PLYWOOD CDX. Intended category: Panel/sheathing. Use normalized mapping with caution when ambiguity is medium.,CDX Plywood,Plywood,Panel/sheathing,None,7/16x4x8,Plywood CDX,PLYWOOD CDX,Medium,No,"CDX is a plywood grade/construction term, not a species.",public terminology + synthetic seller-style alias,https://www.homedepot.com/c/ab/types-of-lumber/9ba683603be9fa5395fab90567851db; https://www.lowes.com/n/buying-guide/lumber-buying-guide
LLX-0556,Contractor Catalog,3/4x4x8 PlywoodCDX,Seller-style listing for 3/4x4x8 PlywoodCDX. Intended category: Panel/sheathing. Use normalized mapping with caution when ambiguity is medium.,CDX Plywood,Plywood,Panel/sheathing,None,2x6x8,Plywood CDX,PlywoodCDX,Medium,No,"CDX is a plywood grade/construction term, not a species.",public terminology + synthetic seller-style alias,https://www.homedepot.com/c/ab/types-of-lumber/9ba683603be9fa5395fab90567851db; https://www.lowes.com/n/buying-guide/lumber-buying-guide
LLX-0557,Vendor Price Sheet,4x4x8 Plywood-CDX,Seller-style listing for 4x4x8 Plywood-CDX. Intended category: Panel/sheathing. Use normalized mapping with caution when ambiguity is medium.,CDX Plywood,Plywood,Panel/sheathing,None,4x4x8,Plywood CDX,Plywood-CDX,Medium,No,"CDX is a plywood grade/construction term, not a species.",public terminology + synthetic seller-style alias,https://www.homedepot.com/c/ab/types-of-lumber/9ba683603be9fa5395fab90567851db; https://www.lowes.com/n/buying-guide/lumber-buying-guide
LLX-0558,ERP Legacy Import,1/2-CDX,Seller-style listing for 1/2-CDX. Intended category: Panel/sheathing. Use normalized mapping with caution when ambiguity is medium.,CDX Plywood,Plywood,Panel/sheathing,None,1x4x8,1/2 CDX,1/2-CDX,Medium,No,"CDX is a plywood grade/construction term, not a species.",public terminology + synthetic seller-style alias,https://www.homedepot.com/c/ab/types-of-lumber/9ba683603be9fa5395fab90567851db; https://www.lowes.com/n/buying-guide/lumber-buying-guide
LLX-0559,Home Depot,1/2 cdx,Seller-style listing for 1/2 cdx. Intended category: Panel/sheathing. Use normalized mapping with caution when ambiguity is medium.,CDX Plywood,Plywood,Panel/sheathing,None,15/32x4x8,1/2 CDX,1/2 cdx,Medium,No,"CDX is a plywood grade/construction term, not a species.",public terminology + synthetic seller-style alias,https://www.homedepot.com/c/ab/types-of-lumber/9ba683603be9fa5395fab90567851db; https://www.lowes.com/n/buying-guide/lumber-buying-guide
LLX-0560,Menards,1/2 CDX Lumber,Seller-style listing for 1/2 CDX Lumber. Intended category: Panel/sheathing. Use normalized mapping with caution when ambiguity is medium.,CDX Plywood,Plywood,Panel/sheathing,None,2x4x10,1/2 CDX,1/2 CDX,Medium,No,"CDX is a plywood grade/construction term, not a species.",public terminology + synthetic seller-style alias,https://www.homedepot.com/c/ab/types-of-lumber/9ba683603be9fa5395fab90567851db; https://www.lowes.com/n/buying-guide/lumber-buying-guide
LLX-0561,Lowes,15/32CDX,Seller-style listing for 15/32CDX. Intended category: Panel/sheathing. Use normalized mapping with caution when ambiguity is medium.,CDX Plywood,Plywood,Panel/sheathing,None,2x6x8,15/32 CDX,15/32CDX,Medium,No,"CDX is a plywood grade/construction term, not a species.",public terminology + synthetic seller-style alias,https://www.homedepot.com/c/ab/types-of-lumber/9ba683603be9fa5395fab90567851db; https://www.lowes.com/n/buying-guide/lumber-buying-guide
LLX-0562,84 Lumber,15/32 cdx,Seller-style listing for 15/32 cdx. Intended category: Panel/sheathing. Use normalized mapping with caution when ambiguity is medium.,CDX Plywood,Plywood,Panel/sheathing,None,4x4x8,15/32 CDX,15/32 cdx,Medium,No,"CDX is a plywood grade/construction term, not a species.",public terminology + synthetic seller-style alias,https://www.homedepot.com/c/ab/types-of-lumber/9ba683603be9fa5395fab90567851db; https://www.lowes.com/n/buying-guide/lumber-buying-guide
LLX-0563,Builder Supply,15/32 CDX,Seller-style listing for 15/32 CDX. Intended category: Panel/sheathing. Use normalized mapping with caution when ambiguity is medium.,CDX Plywood,Plywood,Panel/sheathing,None,3/4x4x8,15/32 CDX,15/32 CDX,Medium,No,"CDX is a plywood grade/construction term, not a species.",public terminology + synthetic seller-style alias,https://www.homedepot.com/c/ab/types-of-lumber/9ba683603be9fa5395fab90567851db; https://www.lowes.com/n/buying-guide/lumber-buying-guide
LLX-0564,Local Yard,CDX 4X8,Seller-style listing for CDX 4X8. Intended category: Panel/sheathing. Use normalized mapping with caution when ambiguity is medium.,CDX Plywood,Plywood,Panel/sheathing,None,15/32x4x8,CDX 4x8,CDX 4X8,Medium,No,"CDX is a plywood grade/construction term, not a species.",public terminology + synthetic seller-style alias,https://www.homedepot.com/c/ab/types-of-lumber/9ba683603be9fa5395fab90567851db; https://www.lowes.com/n/buying-guide/lumber-buying-guide
LLX-0565,Independent Lumberyard,cdx 4x8,Seller-style listing for cdx 4x8. Intended category: Panel/sheathing. Use normalized mapping with caution when ambiguity is medium.,CDX Plywood,Plywood,Panel/sheathing,None,2x4x10,CDX 4x8,cdx 4x8,Medium,No,"CDX is a plywood grade/construction term, not a species.",public terminology + synthetic seller-style alias,https://www.homedepot.com/c/ab/types-of-lumber/9ba683603be9fa5395fab90567851db; https://www.lowes.com/n/buying-guide/lumber-buying-guide
LLX-0566,ERP Legacy Import,CDX 4x8,Seller-style listing for CDX 4x8. Intended category: Panel/sheathing. Use normalized mapping with caution when ambiguity is medium.,CDX Plywood,Plywood,Panel/sheathing,None,2x10x12,CDX 4x8,CDX 4x8,Medium,No,"CDX is a plywood grade/construction term, not a species.",public terminology + synthetic seller-style alias,https://www.homedepot.com/c/ab/types-of-lumber/9ba683603be9fa5395fab90567851db; https://www.lowes.com/n/buying-guide/lumber-buying-guide
LLX-0567,Contractor Catalog,4x4x8 EXTERIOR CDX Lumber,Seller-style listing for 4x4x8 EXTERIOR CDX Lumber. Intended category: Panel/sheathing. Use normalized mapping with caution when ambiguity is medium.,CDX Plywood,Plywood,Panel/sheathing,None,4x4x8,Exterior CDX,EXTERIOR CDX,Medium,No,"CDX is a plywood grade/construction term, not a species.",public terminology + synthetic seller-style alias,https://www.homedepot.com/c/ab/types-of-lumber/9ba683603be9fa5395fab90567851db; https://www.lowes.com/n/buying-guide/lumber-buying-guide
LLX-0568,Vendor Price Sheet,3/4x4x8 Exterior-CDX,Seller-style listing for 3/4x4x8 Exterior-CDX. Intended category: Panel/sheathing. Use normalized mapping with caution when ambiguity is medium.,CDX Plywood,Plywood,Panel/sheathing,None,3/4x4x8,Exterior CDX,Exterior-CDX,Medium,No,"CDX is a plywood grade/construction term, not a species.",public terminology + synthetic seller-style alias,https://www.homedepot.com/c/ab/types-of-lumber/9ba683603be9fa5395fab90567851db; https://www.lowes.com/n/buying-guide/lumber-buying-guide
LLX-0569,Lowes,3/4x4x8 ExteriorCDX,Seller-style listing for 3/4x4x8 ExteriorCDX. Intended category: Panel/sheathing. Use normalized mapping with caution when ambiguity is medium.,CDX Plywood,Plywood,Panel/sheathing,None,2x4x92-5/8,Exterior CDX,ExteriorCDX,Medium,No,"CDX is a plywood grade/construction term, not a species.",public terminology + synthetic seller-style alias,https://www.homedepot.com/c/ab/types-of-lumber/9ba683603be9fa5395fab90567851db; https://www.lowes.com/n/buying-guide/lumber-buying-guide
LLX-0570,Home Depot,3/4x4x8 MDF,Seller-style listing for 3/4x4x8 MDF. Intended category: Panel/sheet goods. Use normalized mapping with caution when ambiguity is low.,MDF,Engineered wood,Panel/sheet goods,None,2x4x10,MDF,MDF,Low,No,MDF is engineered fiberboard; not lumber species.,public terminology + synthetic seller-style alias,https://www.homedepot.com/c/ab/types-of-lumber/9ba683603be9fa5395fab90567851db; https://www.lowes.com/n/buying-guide/lumber-buying-guide
LLX-0571,Menards,3/4x4x8 mdf,Seller-style listing for 3/4x4x8 mdf. Intended category: Panel/sheet goods. Use normalized mapping with caution when ambiguity is low.,MDF,Engineered wood,Panel/sheet goods,None,2x10x12,MDF,mdf,Low,No,MDF is engineered fiberboard; not lumber species.,public terminology + synthetic seller-style alias,https://www.homedepot.com/c/ab/types-of-lumber/9ba683603be9fa5395fab90567851db; https://www.lowes.com/n/buying-guide/lumber-buying-guide
LLX-0572,Menards,1 x 4 x 8 medium density fiberboard,Seller-style listing for 1 x 4 x 8 medium density fiberboard. Intended category: Panel/sheet goods. Use normalized mapping with caution when ambiguity is low.,MDF,Engineered wood,Panel/sheet goods,None,1x4x8,Medium Density Fiberboard,medium density fiberboard,Low,No,MDF is engineered fiberboard; not lumber species.,public terminology + synthetic seller-style alias,https://www.homedepot.com/c/ab/types-of-lumber/9ba683603be9fa5395fab90567851db; https://www.lowes.com/n/buying-guide/lumber-buying-guide
LLX-0573,Local Yard,15/32x4x8 Medium-Density-Fiberboard,Seller-style listing for 15/32x4x8 Medium-Density-Fiberboard. Intended category: Panel/sheet goods. Use normalized mapping with caution when ambiguity is low.,MDF,Engineered wood,Panel/sheet goods,None,15/32x4x8,Medium Density Fiberboard,Medium-Density-Fiberboard,Low,No,MDF is engineered fiberboard; not lumber species.,public terminology + synthetic seller-style alias,https://www.homedepot.com/c/ab/types-of-lumber/9ba683603be9fa5395fab90567851db; https://www.lowes.com/n/buying-guide/lumber-buying-guide
LLX-0574,Independent Lumberyard,3/4x4x8 Medium Density Fiberboard Lumber,Seller-style listing for 3/4x4x8 Medium Density Fiberboard Lumber. Intended category: Panel/sheet goods. Use normalized mapping with caution when ambiguity is low.,MDF,Engineered wood,Panel/sheet goods,None,2x4x10,Medium Density Fiberboard,Medium Density Fiberboard,Low,No,MDF is engineered fiberboard; not lumber species.,public terminology + synthetic seller-style alias,https://www.homedepot.com/c/ab/types-of-lumber/9ba683603be9fa5395fab90567851db; https://www.lowes.com/n/buying-guide/lumber-buying-guide
LLX-0575,Builder Supply,3/4x4x8 MDFBoard,Seller-style listing for 3/4x4x8 MDFBoard. Intended category: Panel/sheet goods. Use normalized mapping with caution when ambiguity is low.,MDF,Engineered wood,Panel/sheet goods,None,2x6x8,MDF Board,MDFBoard,Low,No,MDF is engineered fiberboard; not lumber species.,public terminology + synthetic seller-style alias,https://www.homedepot.com/c/ab/types-of-lumber/9ba683603be9fa5395fab90567851db; https://www.lowes.com/n/buying-guide/lumber-buying-guide
LLX-0576,Contractor Catalog,4x4x8 MDF Board,Seller-style listing for 4x4x8 MDF Board. Intended category: Panel/sheet goods. Use normalized mapping with caution when ambiguity is low.,MDF,Engineered wood,Panel/sheet goods,None,4x4x8,MDF Board,MDF Board,Low,No,MDF is engineered fiberboard; not lumber species.,public terminology + synthetic seller-style alias,https://www.homedepot.com/c/ab/types-of-lumber/9ba683603be9fa5395fab90567851db; https://www.lowes.com/n/buying-guide/lumber-buying-guide
LLX-0577,Vendor Price Sheet,3/4x4x8 MDF-Board,Seller-style listing for 3/4x4x8 MDF-Board. Intended category: Panel/sheet goods. Use normalized mapping with caution when ambiguity is low.,MDF,Engineered wood,Panel/sheet goods,None,3/4x4x8,MDF Board,MDF-Board,Low,No,MDF is engineered fiberboard; not lumber species.,public terminology + synthetic seller-style alias,https://www.homedepot.com/c/ab/types-of-lumber/9ba683603be9fa5395fab90567851db; https://www.lowes.com/n/buying-guide/lumber-buying-guide
LLX-0578,ERP Legacy Import,15/32x4x8 mdf panel,Seller-style listing for 15/32x4x8 mdf panel. Intended category: Panel/sheet goods. Use normalized mapping with caution when ambiguity is low.,MDF,Engineered wood,Panel/sheet goods,None,15/32x4x8,MDF Panel,mdf panel,Low,No,MDF is engineered fiberboard; not lumber species.,public terminology + synthetic seller-style alias,https://www.homedepot.com/c/ab/types-of-lumber/9ba683603be9fa5395fab90567851db; https://www.lowes.com/n/buying-guide/lumber-buying-guide
LLX-0579,Home Depot,3/4x4x8 MDF Panel,Seller-style listing for 3/4x4x8 MDF Panel. Intended category: Panel/sheet goods. Use normalized mapping with caution when ambiguity is low.,MDF,Engineered wood,Panel/sheet goods,None,2x4x10,MDF Panel,MDF Panel,Low,No,MDF is engineered fiberboard; not lumber species.,public terminology + synthetic seller-style alias,https://www.homedepot.com/c/ab/types-of-lumber/9ba683603be9fa5395fab90567851db; https://www.lowes.com/n/buying-guide/lumber-buying-guide
LLX-0580,Menards,3/4x4x8 MDFPanel,Seller-style listing for 3/4x4x8 MDFPanel. Intended category: Panel/sheet goods. Use normalized mapping with caution when ambiguity is low.,MDF,Engineered wood,Panel/sheet goods,None,2x10x12,MDF Panel,MDFPanel,Low,No,MDF is engineered fiberboard; not lumber species.,public terminology + synthetic seller-style alias,https://www.homedepot.com/c/ab/types-of-lumber/9ba683603be9fa5395fab90567851db; https://www.lowes.com/n/buying-guide/lumber-buying-guide
LLX-0581,Lowes,4x4x8 MDF-Sheet Lumber,Seller-style listing for 4x4x8 MDF-Sheet Lumber. Intended category: Panel/sheet goods. Use normalized mapping with caution when ambiguity is low.,MDF,Engineered wood,Panel/sheet goods,None,4x4x8,MDF Sheet,MDF-Sheet,Low,No,MDF is engineered fiberboard; not lumber species.,public terminology + synthetic seller-style alias,https://www.homedepot.com/c/ab/types-of-lumber/9ba683603be9fa5395fab90567851db; https://www.lowes.com/n/buying-guide/lumber-buying-guide
LLX-0582,84 Lumber,3/4x4x8 MDF SHEET,Seller-style listing for 3/4x4x8 MDF SHEET. Intended category: Panel/sheet goods. Use normalized mapping with caution when ambiguity is low.,MDF,Engineered wood,Panel/sheet goods,None,3/4x4x8,MDF Sheet,MDF SHEET,Low,No,MDF is engineered fiberboard; not lumber species.,public terminology + synthetic seller-style alias,https://www.homedepot.com/c/ab/types-of-lumber/9ba683603be9fa5395fab90567851db; https://www.lowes.com/n/buying-guide/lumber-buying-guide
LLX-0583,Builder Supply,3/4 x 4 x 8 MDF Sheet,Seller-style listing for 3/4 x 4 x 8 MDF Sheet. Intended category: Panel/sheet goods. Use normalized mapping with caution when ambiguity is low.,MDF,Engineered wood,Panel/sheet goods,None,2x4x92-5/8,MDF Sheet,MDF Sheet,Low,No,MDF is engineered fiberboard; not lumber species.,public terminology + synthetic seller-style alias,https://www.homedepot.com/c/ab/types-of-lumber/9ba683603be9fa5395fab90567851db; https://www.lowes.com/n/buying-guide/lumber-buying-guide
LLX-0584,Local Yard,3/4x4x8 Fiberboard,Seller-style listing for 3/4x4x8 Fiberboard. Intended category: Panel/sheet goods. Use normalized mapping with caution when ambiguity is low.,MDF,Engineered wood,Panel/sheet goods,None,2x4x10,Fiberboard,Fiberboard,Low,No,MDF is engineered fiberboard; not lumber species.,public terminology + synthetic seller-style alias,https://www.homedepot.com/c/ab/types-of-lumber/9ba683603be9fa5395fab90567851db; https://www.lowes.com/n/buying-guide/lumber-buying-guide
LLX-0585,Independent Lumberyard,3/4x4x8 fiberboard,Seller-style listing for 3/4x4x8 fiberboard. Intended category: Panel/sheet goods. Use normalized mapping with caution when ambiguity is low.,MDF,Engineered wood,Panel/sheet goods,None,2x10x12,Fiberboard,fiberboard,Low,No,MDF is engineered fiberboard; not lumber species.,public terminology + synthetic seller-style alias,https://www.homedepot.com/c/ab/types-of-lumber/9ba683603be9fa5395fab90567851db; https://www.lowes.com/n/buying-guide/lumber-buying-guide
LLX-0586,ERP Legacy Import,3/4x4x8 FIBERBOARD,Seller-style listing for 3/4x4x8 FIBERBOARD. Intended category: Panel/sheet goods. Use normalized mapping with caution when ambiguity is low.,MDF,Engineered wood,Panel/sheet goods,None,5/4x6x12,Fiberboard,FIBERBOARD,Low,No,MDF is engineered fiberboard; not lumber species.,public terminology + synthetic seller-style alias,https://www.homedepot.com/c/ab/types-of-lumber/9ba683603be9fa5395fab90567851db; https://www.lowes.com/n/buying-guide/lumber-buying-guide
LLX-0587,Contractor Catalog,3/4x4x8 Medium-Density-Fiberboard,Seller-style listing for 3/4x4x8 Medium-Density-Fiberboard. Intended category: Panel/sheet goods. Use normalized mapping with caution when ambiguity is low.,MDF,Engineered wood,Panel/sheet goods,None,3/4x4x8,Medium-Density Fiberboard,Medium-Density-Fiberboard,Low,No,MDF is engineered fiberboard; not lumber species.,public terminology + synthetic seller-style alias,https://www.homedepot.com/c/ab/types-of-lumber/9ba683603be9fa5395fab90567851db; https://www.lowes.com/n/buying-guide/lumber-buying-guide
LLX-0588,Vendor Price Sheet,3/4x4x8 Medium-Density Fiberboard Lumber,Seller-style listing for 3/4x4x8 Medium-Density Fiberboard Lumber. Intended category: Panel/sheet goods. Use normalized mapping with caution when ambiguity is low.,MDF,Engineered wood,Panel/sheet goods,None,2x4x92-5/8,Medium-Density Fiberboard,Medium-Density Fiberboard,Low,No,MDF is engineered fiberboard; not lumber species.,public terminology + synthetic seller-style alias,https://www.homedepot.com/c/ab/types-of-lumber/9ba683603be9fa5395fab90567851db; https://www.lowes.com/n/buying-guide/lumber-buying-guide
LLX-0589,Lowes,3/4x4x8 medium-density fiberboard,Seller-style listing for 3/4x4x8 medium-density fiberboard. Intended category: Panel/sheet goods. Use normalized mapping with caution when ambiguity is low.,MDF,Engineered wood,Panel/sheet goods,None,2x8x10,Medium-Density Fiberboard,medium-density fiberboard,Low,No,MDF is engineered fiberboard; not lumber species.,public terminology + synthetic seller-style alias,https://www.homedepot.com/c/ab/types-of-lumber/9ba683603be9fa5395fab90567851db; https://www.lowes.com/n/buying-guide/lumber-buying-guide
LLX-0590,Unknown/Edge Case,random unknown board xyz,Negative control: should trigger manual review or low-confidence result.,UNKNOWN / MANUAL REVIEW,Unknown,Unknown,Unknown,,,,High,Yes,No reliable match should be returned with high confidence.,synthetic negative control,
LLX-0591,Unknown/Edge Case,white board unknown imported,Negative control: should trigger manual review or low-confidence result.,UNKNOWN / MANUAL REVIEW,Unknown,Unknown,Unknown,,,,High,Yes,No reliable match should be returned with high confidence.,synthetic negative control,
LLX-0592,Unknown/Edge Case,premium framing stick no species,Negative control: should trigger manual review or low-confidence result.,UNKNOWN / MANUAL REVIEW,Unknown,Unknown,Unknown,,,,High,Yes,No reliable match should be returned with high confidence.,synthetic negative control,
LLX-0593,Unknown/Edge Case,contractor special stud 2x4,Negative control: should trigger manual review or low-confidence result.,UNKNOWN / MANUAL REVIEW,Unknown,Unknown,Unknown,,,,High,Yes,No reliable match should be returned with high confidence.,synthetic negative control,
LLX-0594,Unknown/Edge Case,economy utility board,Negative control: should trigger manual review or low-confidence result.,UNKNOWN / MANUAL REVIEW,Unknown,Unknown,Unknown,,,,High,Yes,No reliable match should be returned with high confidence.,synthetic negative control,
LLX-0595,Unknown/Edge Case,misc softwood bin item,Negative control: should trigger manual review or low-confidence result.,UNKNOWN / MANUAL REVIEW,Unknown,Unknown,Unknown,,,,High,Yes,No reliable match should be returned with high confidence.,synthetic negative control,
LLX-0596,Unknown/Edge Case,brown treated board brand only,Negative control: should trigger manual review or low-confidence result.,UNKNOWN / MANUAL REVIEW,Unknown,Unknown,Unknown,,,,High,Yes,No reliable match should be returned with high confidence.,synthetic negative control,
